KEY,ROUTE,PAGE_NAME,CONTENT_CATEGORY,RISK_LEVEL,CLAIM_ID,CLAIM_STATUS,WHY_OWNER_ATTENTION,CURRENT_ARABIC,ENGLISH_SOURCE,REVIEWER_PROPOSAL,OWNER_DECISION,OWNER_NOTE
accessibility.cta.contact,/ar/accessibility/,Accessibility,CTA,HIGH,NONE,NONE,Call to action — sets the expectation of what happens next.,التواصل بخصوص إمكانية الوصول,Contact Accessibility,,PENDING,
cta.access,/ar/ /ar/how-it-works/ /ar/privacy/ /ar/contact/ /ar/accessibility/ /ar/privacy-policy/ /ar/terms/,"Site-wide (header, footer, navigation)",CTA,HIGH,NONE,NONE,Call to action — sets the expectation of what happens next.,تعرّف على إتاحة PCA,Learn About Access,,PENDING,
cta.allFaqs,/ar/ /ar/how-it-works/ /ar/privacy/ /ar/contact/ /ar/accessibility/ /ar/privacy-policy/ /ar/terms/,"Site-wide (header, footer, navigation)",CTA,HIGH,NONE,NONE,Call to action — sets the expectation of what happens next.,جميع الأسئلة الشائعة,View All FAQs,,PENDING,
cta.childSafety,/ar/ /ar/how-it-works/ /ar/privacy/ /ar/contact/ /ar/accessibility/ /ar/privacy-policy/ /ar/terms/,"Site-wide (header, footer, navigation)",CTA,HIGH,NONE,NONE,Call to action — sets the expectation of what happens next.,اقرأ مبادئ سلامة الطفل,Read Our Child Safety Principles,,PENDING,
cta.createAccount,/ar/ /ar/how-it-works/ /ar/privacy/ /ar/contact/ /ar/accessibility/ /ar/privacy-policy/ /ar/terms/,"Site-wide (header, footer, navigation)",CTA,HIGH,NONE,NONE,Call to action — sets the expectation of what happens next.,إنشاء حساب,Create Account,,PENDING,
cta.exploreFeatures,/ar/ /ar/how-it-works/ /ar/privacy/ /ar/contact/ /ar/accessibility/ /ar/privacy-policy/ /ar/terms/,"Site-wide (header, footer, navigation)",CTA,HIGH,NONE,NONE,Call to action — sets the expectation of what happens next.,استكشف المزايا,Explore Features,,PENDING,
cta.getStarted,/ar/ /ar/how-it-works/ /ar/privacy/ /ar/contact/ /ar/accessibility/ /ar/privacy-policy/ /ar/terms/,"Site-wide (header, footer, navigation)",CTA,HIGH,NONE,NONE,Call to action — sets the expectation of what happens next.,ابدأ الآن,Get Started,,PENDING,
cta.howPcaWorks,/ar/ /ar/how-it-works/ /ar/privacy/ /ar/contact/ /ar/accessibility/ /ar/privacy-policy/ /ar/terms/,"Site-wide (header, footer, navigation)",CTA,HIGH,NONE,NONE,Call to action — sets the expectation of what happens next.,كيف تعمل PCA؟,How PCA Works,,PENDING,
cta.login,/ar/ /ar/how-it-works/ /ar/privacy/ /ar/contact/ /ar/accessibility/ /ar/privacy-policy/ /ar/terms/,"Site-wide (header, footer, navigation)",CTA,HIGH,NONE,NONE,Call to action — sets the expectation of what happens next.,تسجيل الدخول,Sign In,,PENDING,
cta.pcaParent,/ar/ /ar/how-it-works/ /ar/privacy/ /ar/contact/ /ar/accessibility/ /ar/privacy-policy/ /ar/terms/,"Site-wide (header, footer, navigation)",CTA,HIGH,NONE,NONE,Call to action — sets the expectation of what happens next.,PCA Parent,PCA Parent,,PENDING,
cta.privacyHandling,/ar/ /ar/how-it-works/ /ar/privacy/ /ar/contact/ /ar/accessibility/ /ar/privacy-policy/ /ar/terms/,"Site-wide (header, footer, navigation)",CTA,HIGH,NONE,NONE,Call to action — sets the expectation of what happens next.,كيف تتعامل PCA مع الخصوصية؟,See How PCA Handles Privacy,,PENDING,
cta.seeHowPcaWorks,/ar/ /ar/how-it-works/ /ar/privacy/ /ar/contact/ /ar/accessibility/ /ar/privacy-policy/ /ar/terms/,"Site-wide (header, footer, navigation)",CTA,HIGH,NONE,NONE,Call to action — sets the expectation of what happens next.,تعرّف على طريقة عمل PCA,See How PCA Works,,PENDING,
cta.whyPca,/ar/ /ar/how-it-works/ /ar/privacy/ /ar/contact/ /ar/accessibility/ /ar/privacy-policy/ /ar/terms/,"Site-wide (header, footer, navigation)",CTA,HIGH,NONE,NONE,Call to action — sets the expectation of what happens next.,لماذا PCA؟,Why PCA,,PENDING,
home.availability.items,/ar/,Home,RELEASE_STATE_NOTICE,CRITICAL,CLM-024; CLM-026,COMING_LATER; COMING_LATER,"Release-state notice — the honest ""not live yet"" wording.","[1] title: PCA Parent
[1] body: تجربة ويب متجاوبة للهاتف والجهاز اللوحي والكمبيوتر. لم يُفتح إنشاء الحسابات بعد.
[2] title: PCA Child على أندرويد
[2] body: المنصة الأساسية المخطط لها لأول إصدار.
[3] title: PCA Child على iPhone وiPad
[3] body: حماية الطفل على iPhone وiPad مخطط لها في إصدار لاحق.","[1] title: PCA Parent
[1] body: A responsive experience for phone, tablet and computer. Account access is not open yet.
[2] title: PCA Child on Android
[2] body: The planned primary platform for the first release.
[3] title: PCA Child on iPhone and iPad
[3] body: iPhone and iPad child protection is planned for a later release.",,PENDING,
home.availability.label,/ar/,Home,RELEASE_STATE_NOTICE,CRITICAL,NONE,NONE,"Release-state notice — the honest ""not live yet"" wording.",التوفر,Availability,,PENDING,
home.availability.title,/ar/,Home,RELEASE_STATE_NOTICE,CRITICAL,NONE,NONE,"Release-state notice — the honest ""not live yet"" wording.",PCA Parent وPCA Child,PCA Parent and PCA Child,,PENDING,
home.protects.items,/ar/,Home,BODY_COPY,CRITICAL,CLM-028; CLM-029; CLM-030; CLM-031; CLM-032; CLM-033; CLM-034; CLM-035,REQUIRES_PLATFORM_SUPPORT; REQUIRES_PLATFORM_SUPPORT; REQUIRES_PLATFORM_SUPPORT; REQUIRES_PLATFORM_SUPPORT; REQUIRES_PLATFORM_SUPPORT; REQUIRES_PLATFORM_SUPPORT; REQUIRES_PLATFORM_SUPPORT; REQUIRES_PLATFORM_SUPPORT,Claim-bearing CRITICAL string — a stronger Arabic phrasing would overstate CLM-028; CLM-029; CLM-030; CLM-031; CLM-032; CLM-033; CLM-034; CLM-035.,"[1] title: وقت الشاشة
[1] body: المساعدة في وضع حدود وروتين أكثر توازنًا لاستخدام الأجهزة.
[2] title: تصفح أكثر أمانًا
[2] body: المساعدة في اتخاذ قرارات الحماية على الويب.
[3] title: التحكم بالتطبيقات والويب
[3] body: وضع حدود مناسبة للتطبيقات والوصول إلى الويب.
[4] title: الجداول الزمنية
[4] body: تحديد أوقات واضحة للدراسة والراحة والنوم.
[5] title: حالة الحماية
[5] body: معرفة ما إذا كانت الحماية تعمل.
[6] title: طلبات الوالدين والطفل
[6] body: إتاحة تواصل واضح عندما يطلب الطفل وقتًا إضافيًا.
[7] title: التنبيهات
[7] body: إرسال تنبيهات مفيدة مرتبطة بالحماية.
[8] title: حماية الجهاز
[8] body: المساعدة في الحفاظ على إعدادات الحماية على جهاز الطفل.","[1] title: Screen Time
[1] body: Support healthier device-use limits and routines.
[2] title: Safer Browsing
[2] body: Help apply approved web-safety decisions.
[3] title: Apps & Web Controls
[3] body: Set appropriate boundaries for apps and online access.
[4] title: Schedules
[4] body: Create predictable times for study, rest and sleep.
[5] title: Protection Status
[5] body: See whether protections are active.
[6] title: Parent & Child Requests
[6] body: Support clear family interaction when a child needs more time.
[7] title: Alerts
[7] body: Receive relevant protection notices.
[8] title: Device Protection
[8] body: Help maintain the protection configuration on the child device.",,PENDING,
home.steps.items,/ar/,Home,BODY_COPY,CRITICAL,CLM-024,COMING_LATER,Claim-bearing CRITICAL string — a stronger Arabic phrasing would overstate CLM-024.,"[1] title: أنشئ حساب الوالدين
[1] body: ابدأ بإعداد الوصول إلى PCA Parent.
[2] title: أضف طفلك داخل PCA Parent
[2] body: يتم إعداد معلومات الطفل داخل بيئة الوالدين المحمية.
[3] title: ثبّت PCA Child على جهاز مدعوم
[3] body: أندرويد هو المنصة الأساسية المخطط لها.
[4] title: اربط الجهاز واختر إعدادات الحماية
[4] body: حدد القواعد والجداول المناسبة لأسرتك.
[5] title: راجع حالة الحماية
[5] body: تابع حالة الحماية وتعامل مع الطلبات المدعومة.","[1] title: Create your parent account
[1] body: Set up access to PCA Parent.
[2] title: Add your child in PCA Parent
[2] body: Child setup belongs inside the protected Parent experience.
[3] title: Install PCA Child on a supported device
[3] body: Android is the planned primary platform.
[4] title: Connect the device and choose protections
[4] body: Set the rules and schedules appropriate for your family.
[5] title: Review protection status
[5] body: Check protection status and respond to supported requests.",,PENDING,
howItWorks.child.items,/ar/how-it-works/,How PCA Works,BODY_COPY,CRITICAL,CLM-024; CLM-026,COMING_LATER; COMING_LATER,Claim-bearing CRITICAL string — a stronger Arabic phrasing would overstate CLM-024; CLM-026.,"[1] title: أندرويد
[1] body: عند جاهزية أول إصدار من PCA Child ستكون أندرويد هي المنصة الأساسية المخطط لها.
[2] title: iPhone وiPad
[2] body: حماية أجهزة iPhone وiPad مخطط لها في إصدار لاحق.","[1] title: Android
[1] body: When the first PCA Child release is ready, Android is the planned primary platform.
[2] title: iPhone and iPad
[2] body: Child protection for iPhone and iPad is planned for a later release.",,PENDING,
howItWorks.parent.items,/ar/how-it-works/,How PCA Works,BODY_COPY,CRITICAL,CLM-019; CLM-020; CLM-021,COMING_LATER; COMING_LATER; VERIFIED_AVAILABLE,Claim-bearing CRITICAL string — a stronger Arabic phrasing would overstate CLM-019; CLM-020; CLM-021.,"[1] title: لا حاجة إلى تثبيت
[1] body: صُممت PCA Parent للعمل في متصفح مدعوم على الهاتف أو الجهاز اللوحي أو الكمبيوتر، دون تثبيت أي شيء.
[2] title: تثبيت PCA Parent
[2] body: عندما يكون التثبيت مدعومًا يمكنك تثبيتها لوصول أقرب للتطبيق.
[3] title: يبقى التثبيت اختياريًا
[3] body: لا تحتاج إلى تثبيت PCA Parent حتى تستخدم الخدمة.","[1] title: No installation required
[1] body: PCA Parent is designed to run in a supported browser on phone, tablet or computer, with nothing to install.
[2] title: Install PCA Parent
[2] body: Where installation is supported, you may install it for app-like access.
[3] title: Installation remains optional
[3] body: You never need to install PCA Parent just to use the service.",,PENDING,
howItWorks.steps.items,/ar/how-it-works/,How PCA Works,BODY_COPY,CRITICAL,CLM-024,COMING_LATER,Claim-bearing CRITICAL string — a stronger Arabic phrasing would overstate CLM-024.,"[1] title: إنشاء حساب الوالدين
[1] body: استخدم البريد الإلكتروني وكلمة المرور لإنشاء حساب PCA Parent.
[2] title: تأكيد البريد الإلكتروني
[2] body: أكّد بريدك الإلكتروني لتفعيل الوصول إلى PCA Parent.
[3] title: إعداد الطفل داخل PCA Parent
[3] body: يتم إعداد الطفل داخل بيئة PCA Parent المحمية.
[4] title: تثبيت PCA Child
[4] body: اتبع الإرشادات المناسبة للجهاز الذي تقوم بإعداده.
[5] title: إنشاء رمز أو رابط التسجيل
[5] body: أنشئ من داخل PCA Parent رمز التسجيل أو الرابط الخاص بهذا الطفل.
[6] title: ربط جهاز الطفل
[6] body: يتم استخدام مسار التسجيل والربط المعتمد.
[7] title: اختيار إعدادات الحماية
[7] body: حسب الإمكانات الفعلية للمنصة، يمكن للوالدين إعداد وقت الشاشة والجداول والتحكم بالتطبيقات والويب وغيرها من وظائف الحماية المدعومة.
[8] title: متابعة الحالة والطلبات
[8] body: يُفترض أن تساعد PCA Parent الوالدين على فهم حالة الحماية والتعامل مع الطلبات المدعومة، بحسب ما تدعمه المنصة.","[1] title: Create your parent account
[1] body: Use your email and password to create PCA Parent access.
[2] title: Verify your email
[2] body: Confirm your email address to activate PCA Parent access.
[3] title: Set up your child inside PCA Parent
[3] body: Child setup belongs within the protected Parent experience.
[4] title: Install PCA Child
[4] body: Follow the guidance for the device you are setting up.
[5] title: Create an enrollment code or link
[5] body: In PCA Parent, create the enrollment code or link for that child.
[6] title: Connect the child device
[6] body: Use the approved enrollment/pairing flow.
[7] title: Choose protections
[7] body: Depending on verified platform capabilities, parents may configure screen-time rules, schedules, app/web controls and other supported protections.
[8] title: Review status and respond
[8] body: PCA Parent should help the parent understand whether protection is working and respond to supported child requests.",,PENDING,
privacy.advanced.items,/ar/privacy/,Privacy & Safety,PRIVACY_ASSERTION,CRITICAL,CLM-046,VERIFIED_AVAILABLE,Privacy assertion — Arabic must not promise more than the English hedge.,"[1] title: فصل PCA Parent عن PCA Platform Admin
[1] body: PCA Parent وPCA Platform Admin بيئتان منفصلتان من ناحية الجلسات والصلاحيات. لا يجوز أن تصبح لوحة الإدارة الداخلية طريقًا مختصرًا للدخول إلى تجربة الوالدين المحمية.
[2] title: لم تُصمم PCA حول المراقبة الخفية
[2] body: لم تُصمم PCA حول التقاط كلمات المرور أو الرسائل، أو اعتراض TLS بشكل خفي، أو فحص معرض الصور في الخلفية، أو تسجيل الشاشة سرًا.","[1] title: Separate Parent and Platform Admin authority
[1] body: PCA Parent and PCA Platform Admin are separate security/session/RBAC realms. An internal operator interface must not become a shortcut into a parent's protected experience.
[2] title: No hidden surveillance controls
[2] body: PCA is not designed around password capture, message capture, covert TLS interception, background gallery scanning or hidden screen recording.",,PENDING,
privacy.advanced.lead,/ar/privacy/,Privacy & Safety,PRIVACY_ASSERTION,CRITICAL,NONE,NONE,Privacy assertion — Arabic must not promise more than the English hedge.,هذا القسم لمن يرغب في الصورة التقنية، ولا تحتاج إليه لاستخدام PCA.,This part is for parents who want the technical picture. You do not need it to use PCA.,,PENDING,
privacy.advanced.title,/ar/privacy/,Privacy & Safety,PRIVACY_ASSERTION,CRITICAL,NONE,NONE,Privacy assertion — Arabic must not promise more than the English hedge.,تفاصيل تقنية إضافية,More technical detail,,PENDING,
privacy.cta.policy,/ar/privacy/,Privacy & Safety,CTA,HIGH,NONE,NONE,Call to action — sets the expectation of what happens next.,سياسة الخصوصية بالتفصيل,Read the Detailed Privacy Policy,,PENDING,
privacy.faq.items,/ar/privacy/,Privacy & Safety,PRIVACY_ASSERTION,CRITICAL,NONE,NONE,Privacy assertion — Arabic must not promise more than the English hedge.,"[1] q: هل تجمع PCA معلومات طفلي؟
[1] a: تحتاج PCA إلى معالجة بعض المعلومات حتى تعمل وظائف الحماية. الهدف هو إبقاء النشاط الحساس على الأجهزة الموثوقة لدى الوالدين والطفل، أو مزامنته بتشفير من طرف إلى طرف حيث يلزم، بدل إنشاء ملف مركزي مقروء لدى PCA. وفي الوقت نفسه تحتاج الخدمات المركزية إلى الحد الأدنى من معلومات الحساب والتشغيل.
[2] q: كيف أبلغ عن مشكلة تتعلق بالخصوصية أو الأمان؟
[2] a: إذا كنت تعتقد أنك وجدت مشكلة أمنية، فيرجى الانتظار حتى تنشر PCA قنوات الإبلاغ — راجع صفحة التواصل. لا ترسل معلومات حساسة عن الطفل إلا إذا طُلبت منك معلومة محددة وضرورية بطريقة آمنة.","[1] q: Does PCA collect my child's data?
[1] a: PCA needs to process some information to provide protection. The design goal is to keep sensitive activity on trusted family-side devices or synchronize it end-to-end encrypted where required, instead of creating a readable central PCA profile. Central services still need minimum account and technical data to operate.
[2] q: How do I report a privacy or security concern?
[2] a: If you believe you have found a security issue, please hold it until PCA publishes its reporting channels — see Contact. Do not include child-sensitive content unless the support team explicitly and safely requests specific information.",,PENDING,
privacy.faq.title,/ar/privacy/,Privacy & Safety,PRIVACY_ASSERTION,CRITICAL,NONE,NONE,Privacy assertion — Arabic must not promise more than the English hedge.,أسئلة شائعة عن الخصوصية,Common privacy questions,,PENDING,
privacy.hero.body,/ar/privacy/,Privacy & Safety,PRIVACY_ASSERTION,CRITICAL,NONE,NONE,Privacy assertion — Arabic must not promise more than the English hedge.,صُممت PCA لتقديم الحماية دون إنشاء ملف مركزي مقروء عن النشاط الحساس لطفلك.,PCA is designed to provide protection without building a readable central profile of your child's sensitive activity.,,PENDING,
privacy.hero.title,/ar/privacy/,Privacy & Safety,PRIVACY_ASSERTION,CRITICAL,NONE,NONE,Privacy assertion — Arabic must not promise more than the English hedge.,نشاط طفلك يخصك أنت، وليس PCA,"Your child's activity belongs to you, not to us",,PENDING,
privacy.honesty.body,/ar/privacy/,Privacy & Safety,PRIVACY_ASSERTION,CRITICAL,NONE,NONE,Privacy assertion — Arabic must not promise more than the English hedge.,تحتاج أي خدمة حسابات على الإنترنت إلى قدر من المعلومات التقنية ومعلومات الحساب حتى تعمل، وأي شعار يوحي بعكس ذلك قد يكون مضللًا. الوعد الأهم هو أن PCA لا يجب أن تحول النشاط الحساس للطفل إلى قاعدة بيانات مركزية مقروءة.,An online account service needs some technical and account information to operate. A slogan promising otherwise would hide that reality. The meaningful privacy promise is that PCA must not turn sensitive child activity into a readable central database.,,PENDING,
privacy.honesty.title,/ar/privacy/,Privacy & Safety,PRIVACY_ASSERTION,CRITICAL,NONE,NONE,Privacy assertion — Arabic must not promise more than the English hedge.,لماذا نتجنب الشعارات المطلقة عن الخصوصية؟,Why we avoid absolute privacy slogans,,PENDING,
privacy.notStored.items,/ar/privacy/,Privacy & Safety,PRIVACY_ASSERTION,CRITICAL,NONE,NONE,Privacy assertion — Arabic must not promise more than the English hedge.,"[1] الصور والفيديوهات؛
[2] الملفات والمستندات العشوائية؛
[3] الرسائل الشخصية؛
[4] سجل استخدام التطبيقات المقروء؛
[5] سجل التصفح المقروء؛
[6] سجل الموقع الدقيق المقروء؛
[7] تسجيلات الميكروفون؛
[8] لقطات الشاشة أو التسجيلات الخلفية للشاشة؛
[9] كلمات المرور أو بيانات الاعتماد.","[1] photos and videos;
[2] arbitrary files/documents;
[3] messages;
[4] readable app-usage history;
[5] readable browsing history;
[6] readable precise-location history;
[7] microphone recordings;
[8] screenshots/background screen recordings;
[9] passwords or credentials.",,PENDING,
privacy.notStored.title,/ar/privacy/,Privacy & Safety,PRIVACY_ASSERTION,CRITICAL,NONE,NONE,Privacy assertion — Arabic must not promise more than the English hedge.,ما الذي يجب ألا تخزنه PCA مركزيًا كمحتوى مقروء للطفل؟,What PCA must not store centrally as readable child content,,PENDING,
privacy.principles.items,/ar/privacy/,Privacy & Safety,PRIVACY_ASSERTION,CRITICAL,NONE,NONE,Privacy assertion — Arabic must not promise more than the English hedge.,"[1] title: الحماية دون مراقبة مفرطة
[1] body: استخدم الحد الأدنى من المعلومات المطلوبة لتحقيق حماية مفيدة.
[2] title: الخصوصية من أساس التصميم
[2] body: أبقِ النشاط الحساس للطفل ضمن الأجهزة والأنظمة الموثوقة لدى الوالدين والطفل قدر الإمكان.
[3] title: الشفافية
[3] body: يجب أن يفهم الوالدان ما الذي تفعله الميزة وما المعلومات التي تحتاجها.
[4] title: كرامة الطفل
[4] body: يجب ألا تُهين الحماية الطفل أو تتعامل معه كمتهم.
[5] title: حماية مناسبة للعمر
[5] body: الأعمار والظروف الأسرية المختلفة تحتاج حدودًا مختلفة.
[6] title: مسؤولية الوالدين
[6] body: PCA أداة مساعدة، وليست بديلًا عن الحوار والحكم السليم والرعاية.
[7] title: لا مراقبة خفية
[7] body: لا ينبغي أن تعتمد PCA على التقاط الرسائل أو كلمات المرور أو تسجيل الشاشة سرًا أو جمع صور الطفل في الخلفية.
[8] title: حماية يمكن الوصول إليها
[8] body: ينبغي تصميم الحماية المفيدة لتصل إلى عدد أكبر من الأسر.
[9] title: لا ادعاءات غير صحيحة
[9] body: الثقة تحتاج إلى الصراحة بشأن ما هو متاح وما هو محدود وما سيأتي لاحقًا.","[1] title: Protection without surveillance
[1] body: Use the minimum information needed for useful protection.
[2] title: Privacy by design
[2] body: Keep sensitive child activity within trusted family-side systems wherever possible.
[3] title: Transparency
[3] body: Parents should understand what a feature does and what information it needs.
[4] title: Child dignity
[4] body: Protection should not humiliate children or treat them as suspects.
[5] title: Age-appropriate protection
[5] body: Different ages and family situations need different boundaries.
[6] title: Parent responsibility
[6] body: PCA supports parents; it does not replace communication, judgment or care.
[7] title: No hidden monitoring
[7] body: PCA should not depend on covert message capture, password capture, hidden screen recording or background gallery collection.
[8] title: Accessible safety
[8] body: Meaningful protection should be designed for broad family access.
[9] title: No false capability claims
[9] body: Trust requires honesty about what is available, limited or coming later.",,PENDING,
privacy.principles.lead,/ar/privacy/,Privacy & Safety,PRIVACY_ASSERTION,CRITICAL,NONE,NONE,Privacy assertion — Arabic must not promise more than the English hedge.,يجب أن تساعد الحماية الرقمية الأسرة على تقليل المخاطر دون أن يتعلم الطفل أن المراقبة الدائمة أمر طبيعي.,Digital protection should help families reduce risk without teaching children that constant surveillance is normal.,,PENDING,
privacy.principles.title,/ar/privacy/,Privacy & Safety,PRIVACY_ASSERTION,CRITICAL,NONE,NONE,Privacy assertion — Arabic must not promise more than the English hedge.,احمِ الطفل واحترم طفولته,Protect children. Respect childhood.,,PENDING,
privacy.retention.body,/ar/privacy/,Privacy & Safety,PRIVACY_ASSERTION,CRITICAL,NONE,NONE,Privacy assertion — Arabic must not promise more than the English hedge.,"[1] تحكم الوالدين في الحساب وفي معلومات الحماية جزء من نية التصميم في PCA، لكن هذه الأدوات لم تُبنَ بعد.
[2] ينبغي عدم الاحتفاظ بالمعلومات المركزية إلا للمدة اللازمة لتشغيل الخدمة والحفاظ على أمانها والوفاء بالالتزامات القانونية. وسيتم توثيق السلوك الدقيق للاحتفاظ والحذف بعد التحقق منه.","[1] Parent control over account and protection information is part of PCA's design intent, but the controls are not built yet.
[2] Central information should be kept only as long as it is needed to run the service, keep it secure and meet legal obligations. Exact deletion and retention behaviour will be documented once it has been verified.",,PENDING,
privacy.retention.title,/ar/privacy/,Privacy & Safety,PRIVACY_ASSERTION,CRITICAL,NONE,NONE,Privacy assertion — Arabic must not promise more than the English hedge.,الاحتفاظ بالمعلومات وحذفها,Keeping and deleting information,,PENDING,
privacy.topics.items,/ar/privacy/,Privacy & Safety,PRIVACY_ASSERTION,CRITICAL,CLM-036; CLM-037,REQUIRES_PLATFORM_SUPPORT; COMING_LATER,Privacy assertion — Arabic must not promise more than the English hedge.,"[1] title: الصور والفيديوهات والملفات
[1] body: لا تحتاج الحماية المعتادة إلى الوصول إلى مكتبة صور الطفل أو فيديوهاته أو ملفاته العشوائية، ويجب ألا تُجمع هذه الأشياء في قاعدة بيانات مركزية مقروءة لدى PCA.
[2] title: الرسائل
[2] body: لم تُصمم وظائف الحماية المعتادة في PCA لالتقاط الرسائل الشخصية أو قراءتها مركزيًا.
[3] title: استخدام التطبيقات ووقت الشاشة
[3] body: يجب ألا يتحول سجل استخدام التطبيقات المقروء إلى بيانات مركزية لدى PCA. يمكن معالجة استخدام التطبيقات محليًا عندما تحتاج وظيفة الحماية إلى ذلك.
[4] title: الحماية أثناء التصفح
[4] body: قاعدة الخصوصية في PCA هي عدم حفظ سجل التصفح المقروء مركزيًا. وقد تحتاج الحماية على الويب إلى معالجة محلية لاتخاذ قرار الحماية.
[5] title: الموقع
[5] body: الموقع معلومات حساسة. يجب أن تكون أي ميزة موقع معتمدة تحت تحكم الوالدين، وألا يتحول سجل الموقع الدقيق المقروء إلى بيانات مركزية لدى PCA.
[6] title: الكاميرا والمسافة عن الشاشة
[6] body: حماية المسافة بين العين والشاشة عبر الكاميرا مخطط لها في إصدار لاحق. وهي ليست ميزة فعّالة اليوم، وسنوضح هنا كيفية تعامل أي إصدار مستقبلي مع صور الكاميرا بعد التحقق من ذلك.","[1] title: Photos, videos and files
[1] body: PCA does not need routine access to a child's photo library, videos or arbitrary files. These must not be collected into a readable central PCA database.
[2] title: Messages
[2] body: No routine PCA protection feature is designed to capture or centrally read personal messages.
[3] title: App use and screen time
[3] body: Readable app-usage history must not become centrally readable PCA data. App use may be processed locally where needed for protection.
[4] title: Browsing protection
[4] body: PCA's privacy rule is that readable browsing history must not be stored centrally. Web-safety functions may still need local processing to make protection decisions.
[5] title: Location
[5] body: Location is sensitive. Any approved location feature must be parent-controlled and designed so readable precise-location history does not become central PCA data.
[6] title: Camera and eye distance
[6] body: Eye-distance protection using the camera is planned for a later release. It is not an active feature today, and how any future version would handle camera frames will be described here once it has been verified.",,PENDING,
privacy.topics.title,/ar/privacy/,Privacy & Safety,PRIVACY_ASSERTION,CRITICAL,NONE,NONE,Privacy assertion — Arabic must not promise more than the English hedge.,ماذا يعني ذلك لكل نوع من المعلومات؟,"What this means, topic by topic",,PENDING,
privacy.where.items,/ar/privacy/,Privacy & Safety,PRIVACY_ASSERTION,CRITICAL,CLM-015,LIMITED,Privacy assertion — Arabic must not promise more than the English hedge.,"[1] title: ما الذي تتم معالجته محليًا؟
[1] body: تحتاج بعض وظائف الحماية إلى معلومات على جهاز الطفل. ونهج PCA هو إبقاء هذه المعالجة محليًا قدر الإمكان.
[2] title: ما الذي قد تتم مزامنته بين الأجهزة الموثوقة؟
[2] body: عندما يلزم انتقال معلومات حماية حساسة بين جهاز الوالدين وجهاز الطفل، صُممت PCA لاستخدام نقل مشفّر من طرف إلى طرف حيث يلزم. يبقى نطاق التشفير في الإنتاج خاضعًا للمراجعة الأمنية النهائية.
[3] title: ما الذي تحتاجه خدمات PCA المركزية؟
[3] body: قد تحتفظ الخدمات المركزية بالحد الأدنى من السجلات التقنية اللازمة لحساب الوالدين والمصادقة والمعرّفات المبهمة للأجهزة/الأطفال وحالة التسجيل والترخيص/الاستحقاق والتسليم المشفر وحالة التسليم والطوابع الزمنية والحد الأدنى من بيانات التشغيل والأمان.","[1] title: What PCA processes locally
[1] body: Some protection functions need information on the child device. PCA's approach is to process that information locally wherever possible.
[2] title: What may synchronize between trusted family devices
[2] body: When sensitive protection information needs to move between trusted parent and child endpoints, PCA is designed to use end-to-end encrypted delivery where required. Production scope remains subject to security verification.
[3] title: What PCA central services need
[3] body: Central services may keep minimum technical records for parent accounts/authentication, opaque device/child identifiers, enrollment, entitlement/licensing, encrypted delivery, delivery state, timestamps and minimum operational/security metadata.",,PENDING,
privacy.where.title,/ar/privacy/,Privacy & Safety,PRIVACY_ASSERTION,CRITICAL,NONE,NONE,Privacy assertion — Arabic must not promise more than the English hedge.,أين تبقى معلومات طفلك؟,Where your child's information lives,,PENDING,
privacyPolicy.account.body,/ar/privacy-policy/,Privacy Policy (provisional draft),LEGAL_TEXT,CRITICAL,NONE,NONE,Legal text — blocked behind OD-13 legal identity; wording is owner/legal territory.,قد تعالج PCA البريد الإلكتروني للوالدين وسجلات المصادقة والحد الأدنى من المعلومات المطلوبة للوصول والأمان وإدارة الخدمة.,"PCA may process parent email, authentication records and other minimum information required for account access, security and service administration.",,PENDING,
privacyPolicy.account.title,/ar/privacy-policy/,Privacy Policy (provisional draft),LEGAL_TEXT,CRITICAL,NONE,NONE,Legal text — blocked behind OD-13 legal identity; wording is owner/legal territory.,معلومات حساب الوالدين,Information we need for the parent account,,PENDING,
privacyPolicy.childDevice.body,/ar/privacy-policy/,Privacy Policy (provisional draft),LEGAL_TEXT,CRITICAL,NONE,NONE,Legal text — blocked behind OD-13 legal identity; wording is owner/legal territory.,قد تستخدم PCA معرفات غير مقروءة للطفل والجهاز وحالة التسجيل مركزيًا. أما معلومات الحماية الحساسة فيجب أن تبقى ضمن الأجهزة الموثوقة أو مشفرة بحسب البنية المعتمدة.,PCA may use opaque child/device identifiers and enrollment state centrally. Sensitive child protection information should remain family-side or encrypted in transit/relay according to the approved architecture.,,PENDING,
privacyPolicy.childDevice.title,/ar/privacy-policy/,Privacy Policy (provisional draft),LEGAL_TEXT,CRITICAL,NONE,NONE,Legal text — blocked behind OD-13 legal identity; wording is owner/legal territory.,معلومات الطفل والجهاز,Child/device information,,PENDING,
privacyPolicy.contact.body,/ar/privacy-policy/,Privacy Policy (provisional draft),LEGAL_TEXT,CRITICAL,NONE,NONE,Legal text — blocked behind OD-13 legal identity; wording is owner/legal territory.,بيانات جهة الخصوصية والجهة القانونية النهائية ما زالت بانتظار الاعتماد.,Final privacy contact and legal entity details are pending owner approval.,,PENDING,
privacyPolicy.contact.title,/ar/privacy-policy/,Privacy Policy (provisional draft),LEGAL_TEXT,CRITICAL,NONE,NONE,Legal text — blocked behind OD-13 legal identity; wording is owner/legal territory.,التواصل,Contact,,PENDING,
privacyPolicy.cookies.body,/ar/privacy-policy/,Privacy Policy (provisional draft),LEGAL_TEXT,CRITICAL,NONE,NONE,Legal text — blocked behind OD-13 legal identity; wording is owner/legal territory.,الإفصاح النهائي يتوقف على فحص التطبيق الفعلي. الاتجاه الموصى به هو تقليل التتبع وتجنب تقنيات الإعلانات أو إعادة تشغيل الجلسات في المساحات الحساسة.,Final disclosure is pending runtime inspection. PCA's recommended posture is to minimize tracking and avoid advertising/session-replay technologies on sensitive authenticated surfaces.,,PENDING,
privacyPolicy.cookies.title,/ar/privacy-policy/,Privacy Policy (provisional draft),LEGAL_TEXT,CRITICAL,NONE,NONE,Legal text — blocked behind OD-13 legal identity; wording is owner/legal territory.,ملفات الارتباط والتحليلات,Cookies/analytics,,PENDING,
privacyPolicy.deletion.body,/ar/privacy-policy/,Privacy Policy (provisional draft),LEGAL_TEXT,CRITICAL,NONE,NONE,Legal text — blocked behind OD-13 legal identity; wording is owner/legal territory.,السلوك الدقيق لحذف الحساب/معلومات الطفل يحتاج تحققًا يشمل مخازن البيانات الأساسية وقوائم التسليم والنسخ الاحتياطية وأي احتفاظ قانوني أو أمني.,"Exact account/child deletion behavior is pending runtime verification and must account for primary stores, delivery queues, backups and legal/security retention.",,PENDING,
privacyPolicy.deletion.title,/ar/privacy-policy/,Privacy Policy (provisional draft),LEGAL_TEXT,CRITICAL,NONE,NONE,Legal text — blocked behind OD-13 legal identity; wording is owner/legal territory.,الحذف,Deletion,,PENDING,
privacyPolicy.feedback.body,/ar/privacy-policy/,Privacy Policy (provisional draft),LEGAL_TEXT,CRITICAL,NONE,NONE,Legal text — blocked behind OD-13 legal identity; wording is owner/legal territory.,يجب أن تحتوي الملاحظات على ما يرسله الوالد عمدًا مع الحد الأدنى من معلومات الحالة المعتمدة فقط. ولا يتم إرفاق نشاط الطفل الحساس تلقائيًا.,Feedback should include only information intentionally provided by the parent and approved minimal case metadata. Sensitive child activity is not automatically attached.,,PENDING,
privacyPolicy.feedback.title,/ar/privacy-policy/,Privacy Policy (provisional draft),LEGAL_TEXT,CRITICAL,NONE,NONE,Legal text — blocked behind OD-13 legal identity; wording is owner/legal territory.,الدعم والملاحظات,Feedback/support,,PENDING,
privacyPolicy.hero.title,/ar/privacy-policy/,Privacy Policy (provisional draft),LEGAL_TEXT,CRITICAL,NONE,NONE,Legal text — blocked behind OD-13 legal identity; wording is owner/legal territory.,سياسة الخصوصية,Privacy Policy,,PENDING,
privacyPolicy.notCollected.body,/ar/privacy-policy/,Privacy Policy (provisional draft),LEGAL_TEXT,CRITICAL,NONE,NONE,Legal text — blocked behind OD-13 legal identity; wording is owner/legal territory.,الصور، الفيديوهات، الملفات العشوائية، الرسائل، سجل استخدام التطبيقات، سجل التصفح، سجل الموقع الدقيق، تسجيلات الميكروفون، لقطات/تسجيلات الشاشة في الخلفية، كلمات المرور وبيانات الاعتماد.,"PCA central systems must not store readable child photos, videos, arbitrary files, messages, app-usage history, browsing history, precise-location history, microphone recordings, screenshots/background recordings, passwords or credentials.",,PENDING,
privacyPolicy.notCollected.title,/ar/privacy-policy/,Privacy Policy (provisional draft),LEGAL_TEXT,CRITICAL,NONE,NONE,Legal text — blocked behind OD-13 legal identity; wording is owner/legal territory.,معلومات لا ينبغي جمعها مركزيًا بشكل مقروء,Information not intended for readable central collection,,PENDING,
privacyPolicy.processing.body,/ar/privacy-policy/,Privacy Policy (provisional draft),LEGAL_TEXT,CRITICAL,NONE,NONE,Legal text — blocked behind OD-13 legal identity; wording is owner/legal territory.,قد تعالج وظائف الحماية المعلومات ذات الصلة محليًا على جهاز الطفل أو جهاز الوالدين الموثوق.,Protection features may process relevant information locally on the child or trusted parent device.,,PENDING,
privacyPolicy.processing.title,/ar/privacy-policy/,Privacy Policy (provisional draft),LEGAL_TEXT,CRITICAL,NONE,NONE,Legal text — blocked behind OD-13 legal identity; wording is owner/legal territory.,معالجة الحماية,Protection processing,,PENDING,
privacyPolicy.providers.body,/ar/privacy-policy/,Privacy Policy (provisional draft),LEGAL_TEXT,CRITICAL,NONE,NONE,Legal text — blocked behind OD-13 legal identity; wording is owner/legal territory.,القائمة النهائية تحتاج جردًا من بيئة التشغيل والنشر.,Final provider list is pending deployment/runtime inventory.,,PENDING,
privacyPolicy.providers.title,/ar/privacy-policy/,Privacy Policy (provisional draft),LEGAL_TEXT,CRITICAL,NONE,NONE,Legal text — blocked behind OD-13 legal identity; wording is owner/legal territory.,المزودون والمعالجون الفرعيون,Providers/subprocessors,,PENDING,
privacyPolicy.retention.body,/ar/privacy-policy/,Privacy Policy (provisional draft),LEGAL_TEXT,CRITICAL,NONE,NONE,Legal text — blocked behind OD-13 legal identity; wording is owner/legal territory.,فترات الاحتفاظ المحددة تحتاج مراجعة فنية وقانونية. ينبغي عدم الاحتفاظ بالمعلومات المركزية إلا للمدة المطلوبة للخدمة والأمان والالتزامات القانونية أو الدعم المعتمد.,"Specific periods are pending runtime/legal review. Central information should be retained only as long as needed for service, security, legal or approved support purposes.",,PENDING,
privacyPolicy.retention.title,/ar/privacy-policy/,Privacy Policy (provisional draft),LEGAL_TEXT,CRITICAL,NONE,NONE,Legal text — blocked behind OD-13 legal identity; wording is owner/legal territory.,الاحتفاظ,Retention,,PENDING,
privacyPolicy.summary.body,/ar/privacy-policy/,Privacy Policy (provisional draft),LEGAL_TEXT,CRITICAL,NONE,NONE,Legal text — blocked behind OD-13 legal identity; wording is owner/legal territory.,صُممت PCA لتقليل المعلومات المقروءة مركزيًا عن الطفل. تتم بعض معالجة الحماية محليًا على الأجهزة الموثوقة. وعندما يلزم نقل معلومات حساسة بين أجهزة موثوقة، تُصمم المزامنة لتكون مشفرة من طرف إلى طرف. وتحتفظ الخدمات المركزية بالحد الأدنى من معلومات الحساب والتشغيل.,"PCA is designed to minimize centrally readable child information. Some protection functions process information locally on trusted devices. Sensitive synchronization, where required, is designed for end-to-end encrypted delivery. Central services keep minimum account and technical data needed to operate the service.",,PENDING,
privacyPolicy.summary.title,/ar/privacy-policy/,Privacy Policy (provisional draft),LEGAL_TEXT,CRITICAL,NONE,NONE,Legal text — blocked behind OD-13 legal identity; wording is owner/legal territory.,ملخص,Summary,,PENDING,
release.contactNotice,/ar/ /ar/how-it-works/ /ar/privacy/ /ar/contact/ /ar/accessibility/ /ar/privacy-policy/ /ar/terms/,"Site-wide (header, footer, navigation)",RELEASE_STATE_NOTICE,CRITICAL,NONE,NONE,"Release-state notice — the honest ""not live yet"" wording.",**لا يمكننا استقبال الرسائل بعد.** تُعِدّ PCA قنوات الدعم والخصوصية والأمان، وستُنشر هنا قبل أن تُفتح PCA للأسر. والمواضيع أدناه توضح ما ستغطيه هذه القنوات.,"**We are not able to receive messages yet.** PCA is preparing its support, privacy and security contact channels, and they will be published here before PCA opens to families. The topics below show what those channels will cover.",,PENDING,
release.journeyNotice,/ar/ /ar/how-it-works/ /ar/privacy/ /ar/contact/ /ar/accessibility/ /ar/privacy-policy/ /ar/terms/,"Site-wide (header, footer, navigation)",RELEASE_STATE_NOTICE,CRITICAL,NONE,NONE,"Release-state notice — the honest ""not live yet"" wording.",**لم تُفتح PCA لإنشاء حسابات جديدة بعد.** تشرح هذه الصفحة رحلة الإعداد التي نبنيها حتى تعرف ما الذي ينتظرك. أما إنشاء الحساب والتحقق من البريد وتطبيق PCA Child فتصبح متاحة في إصدار لاحق.,"**PCA is not open for new accounts yet.** This page explains the setup journey we are building so you know what to expect. Account creation, email verification and the PCA Child app all become available in a later release.",,PENDING,
release.reportingPending,/ar/ /ar/how-it-works/ /ar/privacy/ /ar/contact/ /ar/accessibility/ /ar/privacy-policy/ /ar/terms/,"Site-wide (header, footer, navigation)",RELEASE_STATE_NOTICE,CRITICAL,NONE,NONE,"Release-state notice — the honest ""not live yet"" wording.",لم تفتح PCA قنوات الإبلاغ بعد. وستُنشر في صفحة التواصل قبل أن تُفتح PCA للأسر.,PCA has not opened its reporting channels yet. They will be published on the Contact page before PCA opens to families.,,PENDING,
status.available,/ar/ /ar/how-it-works/ /ar/privacy/ /ar/contact/ /ar/accessibility/ /ar/privacy-policy/ /ar/terms/,"Site-wide (header, footer, navigation)",FEATURE_STATUS,CRITICAL,CLM-021; CLM-046,VERIFIED_AVAILABLE; VERIFIED_AVAILABLE,Feature status label — governs what the site claims is available today.,متوفر,Available,,PENDING,
status.later,/ar/ /ar/how-it-works/ /ar/privacy/ /ar/contact/ /ar/accessibility/ /ar/privacy-policy/ /ar/terms/,"Site-wide (header, footer, navigation)",FEATURE_STATUS,CRITICAL,CLM-019; CLM-020; CLM-024; CLM-026; CLM-037; CLM-059,COMING_LATER; COMING_LATER; COMING_LATER; COMING_LATER; COMING_LATER; COMING_LATER,Feature status label — governs what the site claims is available today.,قادم لاحقًا,Coming later,,PENDING,
status.limited,/ar/ /ar/how-it-works/ /ar/privacy/ /ar/contact/ /ar/accessibility/ /ar/privacy-policy/ /ar/terms/,"Site-wide (header, footer, navigation)",FEATURE_STATUS,CRITICAL,CLM-015,LIMITED,Feature status label — governs what the site claims is available today.,محدود,Limited,,PENDING,
status.platform,/ar/ /ar/how-it-works/ /ar/privacy/ /ar/contact/ /ar/accessibility/ /ar/privacy-policy/ /ar/terms/,"Site-wide (header, footer, navigation)",FEATURE_STATUS,CRITICAL,CLM-028; CLM-029; CLM-030; CLM-031; CLM-032; CLM-033; CLM-034; CLM-035; CLM-036,REQUIRES_PLATFORM_SUPPORT; REQUIRES_PLATFORM_SUPPORT; REQUIRES_PLATFORM_SUPPORT; REQUIRES_PLATFORM_SUPPORT; REQUIRES_PLATFORM_SUPPORT; REQUIRES_PLATFORM_SUPPORT; REQUIRES_PLATFORM_SUPPORT; REQUIRES_PLATFORM_SUPPORT; REQUIRES_PLATFORM_SUPPORT,Feature status label — governs what the site claims is available today.,يعتمد على دعم المنصة,Requires platform support,,PENDING,
terms.acceptableUse.body,/ar/terms/,Terms (provisional draft),LEGAL_TEXT,CRITICAL,NONE,NONE,Legal text — blocked behind OD-13 legal identity; wording is owner/legal territory.,لا تستخدم PCA للمضايقة أو المراقبة غير القانونية أو اختراق الأجهزة أو تجاوز حقوق الآخرين أو إرسال محتوى مسيء أو غير قانوني عبر الدعم.,"Do not use PCA to harass, unlawfully monitor, compromise devices, bypass other people's rights or submit abusive/illegal content through support features.",,PENDING,
terms.acceptableUse.title,/ar/terms/,Terms (provisional draft),LEGAL_TEXT,CRITICAL,NONE,NONE,Legal text — blocked behind OD-13 legal identity; wording is owner/legal territory.,الاستخدام المقبول,Acceptable use,,PENDING,
terms.accountSecurity.body,/ar/terms/,Terms (provisional draft),LEGAL_TEXT,CRITICAL,NONE,NONE,Legal text — blocked behind OD-13 legal identity; wording is owner/legal territory.,يتحمل المستخدم مسؤولية حماية بيانات الدخول والإبلاغ عن أي وصول غير مصرح به، وعلى PCA تطبيق ضوابط الأمان المعتمدة أيضًا.,Users are responsible for protecting their account credentials and reporting suspected unauthorized access. PCA must also apply its approved account-security controls.,,PENDING,
terms.accountSecurity.title,/ar/terms/,Terms (provisional draft),LEGAL_TEXT,CRITICAL,NONE,NONE,Legal text — blocked behind OD-13 legal identity; wording is owner/legal territory.,أمان الحساب,Account security,,PENDING,
terms.availability.body,/ar/terms/,Terms (provisional draft),LEGAL_TEXT,CRITICAL,NONE,NONE,Legal text — blocked behind OD-13 legal identity; wording is owner/legal territory.,قد تختلف المزايا بحسب المنصة والجهاز والمتصفح والصلاحيات والإصدار. المزايا المصنفة “قادم لاحقًا” ليست وعدًا تعاقديًا حاليًا.,"Features can vary by platform, device, browser, entitlement and release stage. PCA will not treat “Coming Later” functionality as a current contractual promise.",,PENDING,
terms.availability.title,/ar/terms/,Terms (provisional draft),LEGAL_TEXT,CRITICAL,NONE,NONE,Legal text — blocked behind OD-13 legal identity; wording is owner/legal territory.,توفر المزايا,Feature availability,,PENDING,
terms.changes.body,/ar/terms/,Terms (provisional draft),LEGAL_TEXT,CRITICAL,NONE,NONE,Legal text — blocked behind OD-13 legal identity; wording is owner/legal territory.,النص القانوني المتعلق بالتحديثات والإيقاف والإنهاء وتوفر الخدمة ما زال بانتظار الاعتماد.,"Final legal wording for updates, suspension, termination and service availability is pending owner approval.",,PENDING,
terms.changes.title,/ar/terms/,Terms (provisional draft),LEGAL_TEXT,CRITICAL,NONE,NONE,Legal text — blocked behind OD-13 legal identity; wording is owner/legal territory.,التغييرات وتوفر الخدمة,Changes and service availability,,PENDING,
terms.hero.title,/ar/terms/,Terms (provisional draft),LEGAL_TEXT,CRITICAL,NONE,NONE,Legal text — blocked behind OD-13 legal identity; wording is owner/legal territory.,الشروط,Terms,,PENDING,
terms.privacy.body,/ar/terms/,Terms (provisional draft),LEGAL_TEXT,CRITICAL,NONE,NONE,Legal text — blocked behind OD-13 legal identity; wording is owner/legal territory.,يخضع استخدام PCA لسياسة الخصوصية النهائية.,Use of PCA is subject to the final Privacy Policy.,,PENDING,
terms.privacy.title,/ar/terms/,Terms (provisional draft),LEGAL_TEXT,CRITICAL,NONE,NONE,Legal text — blocked behind OD-13 legal identity; wording is owner/legal territory.,الخصوصية,Privacy,,PENDING,
terms.responsibility.body,/ar/terms/,Terms (provisional draft),LEGAL_TEXT,CRITICAL,NONE,NONE,Legal text — blocked behind OD-13 legal identity; wording is owner/legal territory.,PCA أداة مساعدة لقرارات الحماية الأسرية، ولا تحل محل الحكم السليم أو الحوار أو المشورة المتخصصة أو خدمات الطوارئ.,"PCA supports family protection decisions but does not replace parental judgment, communication, professional advice or emergency services.",,PENDING,
terms.responsibility.title,/ar/terms/,Terms (provisional draft),LEGAL_TEXT,CRITICAL,NONE,NONE,Legal text — blocked behind OD-13 legal identity; wording is owner/legal territory.,مسؤولية الوالدين,Parent responsibility,,PENDING,
terms.using.body,/ar/terms/,Terms (provisional draft),LEGAL_TEXT,CRITICAL,NONE,NONE,Legal text — blocked behind OD-13 legal identity; wording is owner/legal territory.,PCA مخصصة لمساعدة الوالدين أو الأوصياء المخولين على إدارة وظائف حماية رقمية مدعومة للأطفال. يجب استخدامها بشكل قانوني وعلى الأجهزة والأطفال الذين يملك المستخدم صلاحية إدارتهم.,PCA is intended to help authorized parents/guardians manage supported digital child-protection functions. Users must use PCA lawfully and only for children/devices they are authorized to manage.,,PENDING,
terms.using.title,/ar/terms/,Terms (provisional draft),LEGAL_TEXT,CRITICAL,NONE,NONE,Legal text — blocked behind OD-13 legal identity; wording is owner/legal territory.,استخدام PCA,Using PCA,,PENDING,
