ROUTE,ORIGINAL_FINDING,CURRENT_DISPOSITION,FIX_COMMIT,SOURCE_STATUS,BROWSER_STATUS,EXTERNAL_GATE,REMAINING_WORK,FINAL_CLASSIFICATION
parent-web /dashboard,Real data path always fails: CRYPTO_SUITE_APPROVED_FOR_PRODUCTION hardcoded false,RECLASSIFIED_EXTERNAL_GATE,37c70a4,PARTIALLY_FIXED (pendingRequestCount now links to /requests when nonzero; importantAlertCount left as plain text -- no alerts view exists anywhere in this app to link it to),NOT_TESTED,PRODUCTION_CRYPTO_SUITE (docs/release_readiness/external_gate_matrix.json),"AUDIT CORRECTION: the runtime-sync ""API path mismatch"" finding was mischaracterized as a simple rename. RealParentRuntimeSyncClient's expected contract (/api/sync/status, /last-sync, /endpoints/:id/{queue,pending}, /envelopes) is a parent-browser-facing read/status API with no backend route at all. backend/src/http/routes/runtimeSyncRoutes.ts's /v1/runtime-sync/* routes are a DIFFERENT actor's contract entirely -- a device-facing relay requiring a device's own challenge/response session (requireDeviceSession), with outbound/inbound message-batch semantics, not parent-browser cookie auth. Pointing the existing client at /v1/runtime-sync/* would not work (wrong auth model, wrong request/response shapes). A real parent-facing sync-status endpoint has never been built. This is a genuine backend gap, not a wiring fix -- reclassified NOT_STARTED accordingly. importantAlertCount additionally has no destination page to link to at all (a second, distinct real gap, not the same as the pendingRequestCount fix now shipped).",PARTIALLY_FIXED_SECONDARY_GAP_RECLASSIFIED_REAL_SOURCE_GAP
parent-web /children/:childId/overview,"ChildLayout <h1> renders the raw childId route param, never the child's displayName",FIXED_AWAITING_BROWSER,5da2d82,FIXED,BLOCKED (content requires PRODUCTION_CRYPTO_SUITE to render at all -- cannot be browser-confirmed until that gate clears),"PRODUCTION_CRYPTO_SUITE (blocks confirming the fix renders, not the fix itself)","Secondary gaps (MISSING_ACTION links, same runtime-sync API_MISMATCH as Dashboard) remain unaddressed.",FIXED_SOURCE_UNCONFIRMABLE_UNTIL_GATE_CLEARS
parent-web /children/:childId/screen-time,No backend route exists at all for screen-time reads/writes; client mutation path throws not-implemented,NOT_STARTED,none,UNCHANGED,"CONFIRMED (real Chromium, real backend, session fork 2026-08-27): the honest fail-closed message renders correctly (""ParentFamilyDataGateway.getScreenTime requires a TRUSTED browser endpoint""). Also observed 3 real console 404s from the concurrent runtimeSync calls this same page fires -- see PCA_PAGE_QA_LEDGER.csv's EVIDENCE for this route.","none (this is a genuine gap, not a pending-review external gate)","Backend foundation landed (a84da80): real FamilyRbacPolicyConfigStore wired into ParentActionAuthorizationService, replacing the hardcoded closure default. Real screen-time/apps write endpoint + parent-web client (Writer P0-B) is in progress in a separate pass.",REAL_SOURCE_GAP
parent-web /children/:childId/apps,Same missing backend as screen-time; toggle() silently swallows every failure,PARTIAL_SOURCE_GAP,1973cc7,PARTIALLY_FIXED (the independently-actionable silent-catch defect on toggle() is fixed -- failures now surface via ErrorState instead of a bare catch; the missing screen-time/app-rule backend itself is UNCHANGED),"CONFIRMED (real Chromium, real backend, session fork 2026-08-27): the honest fail-closed message renders correctly (""ParentFamilyDataGateway.getAppRules requires a TRUSTED browser endpoint""), clean console.",none,"Backend foundation landed (a84da80). Real apps write endpoint + parent-web client (Writer P0-B) is in progress in a separate pass, same underlying SCHEDULE_POLICY_V1 object as screen-time.",SILENT_CATCH_DEFECT_FIXED_BACKEND_GAP_REMAINS
parent-web /requests,RealRequestClient.decide()/grantBonusTime() unconditionally threw a hardcoded stub despite childRequestRoutes.ts being fully built and wired,RECLASSIFIED_EXTERNAL_GATE,d496f32,FIXED (unit + mocked-E2E verified: 24 tests incl. new realRequestClient.test.ts),"CONFIRMED (real Chromium, real backend, session fork 2026-08-27): RequestClient.listRequests itself requires a TRUSTED browser endpoint and fails closed with an honest ""current state is BROWSER_NOT_TRUSTED"" message -- the SAME broad family-data trust-pairing gate that blocks Dashboard/Children, not a narrower gate. The list never renders far enough to exercise the fixed decide()/grantBonusTime() methods at all.","PRODUCTION_CRYPTO_SUITE / browser-trust-pairing (same gate as Dashboard/Children) -- confirmed by direct real-browser observation to be the actual blocker, superseding the original UnavailableTrustSetRoleResolver characterization below. UnavailableTrustSetRoleResolver (backend/src/main.ts) remains a real, SEPARATE, second gate inside childRequestRoutes.ts's decide() authorization check that would still apply once trust-pairing clears -- even a correct real call would then fail closed with 403 NOT_AUTHORIZED_TO_DECIDE until a real trust-set source is wired.","Real-browser click-through (Approve/Deny/Grant) cannot be performed at all -- the page never gets past the list-load trust gate to show any action button. This is a genuine external gate, not an unverified-but-working fix; corrected from FIXED_AWAITING_BROWSER since ""awaiting browser"" implied only a verification step was missing, not a further gate.",FIXED_SOURCE_BLOCKED_BY_BROWSER_TRUST_GATE_BEFORE_DECIDE_EVEN_REACHABLE
parent-web /wellbeing-messages,WellbeingMessageAdminClient has no real backend/client implementation anywhere; toggleCurated/duplicate/archive/restore/saveDraft all silently swallowed failures,RECLASSIFIED_NOT_DEFECT,3d43f7d (silent-catch portion only),PARTIAL (silent-catch fixed; backend deliberately not built),NOT_TESTED,none -- not a pending-review gate; a deliberate scope decision,"domain/wellbeing.ts's own header states this is 'the UI-side data shape for the future Agent-8 wellbeing message-control feature... Storage/delivery authority is out of scope here.' Confirmed by unavailableProviders.ts grouping FamilyAuthorityGateway and WellbeingMessageAdminClient together as 'still genuinely unimplemented' (distinct from the KNOWN_BACKEND_INTEGRATION_ACTION 'just needs a token accessor' category). Building a backend here would be scope creep against the accepted architecture, not a defect fix.",FUTURE_SCOPE_NOT_A_CURRENT_DEFECT
parent-web /family/members,No family-authority backend exists at all (UnavailableFamilyAuthorityGateway always rejects); demo-only in production,NOT_STARTED,none,UNCHANGED,"CONFIRMED (real Chromium, real backend, session fork 2026-08-27): the honest fail-closed message renders correctly (""FamilyAuthorityGateway.listMembers has no real (non-fixture) backend implementation yet""), in both EN and AR (dir=rtl confirmed), clean console.","none (no real FamilyAuthorityGateway implementation exists anywhere in this repository -- confirmed by direct search; unlike TrustSetRoleResolver, which has a real FamilyTrustSetRoleResolver class ready but unwired)","Backend foundation landed (a84da80): family_member_invitations migration + FamilyMemberInvitationService (create/list/revoke/accept), mechanically cloned from the existing enrollment-invitation pattern. Real HTTP routes + parent-web client (Writer P0-C) is in progress in a separate pass.",REAL_SOURCE_GAP
parent-web /family/devices,Two independent gates block core function: crypto-review blocks device-status list; missing actor-device-session ceremony blocks enrollment/pairing writes,RECLASSIFIED_EXTERNAL_GATE,249eee8,PARTIALLY_FIXED (the protectionAdministration i18n namespace -- 47 leaf strings across 42 keys -- now exists in both en.json/ar.json; ProtectionAdministrationPanel.tsx calls t() with the real keys instead of English defaultValue fallbacks; verified in a new Arabic/RTL component test),NOT_TESTED,PRODUCTION_CRYPTO_SUITE (device list) + the same not-yet-built browser actor-device-session-token ceremony gating Safe Zone/Retention/Requests,The i18n-orphaning defect is fixed. What remains for this route is only the two pre-existing external gates named above (PRODUCTION_CRYPTO_SUITE for the device list; the not-yet-built actor-device-session-token ceremony for enrollment/pairing writes) plus the FamilyAuthorityGateway gap shared with Members.tsx for removal-approval flows -- none of which are repo-solvable in this pass.,I18N_DEFECT_FIXED_REMAINDER_EXTERNALLY_GATED
parent-web /privacy/retention,REAL backend (retentionRoutes.ts) exists but RealRetentionClient fails closed with SERVICE_SESSION_UNAVAILABLE outside demo -- no browser-reachable bearer-token/family-context flow,RECLASSIFIED_EXTERNAL_GATE,26ab558,PARTIALLY_FIXED (localEnforcementNotice/auditRetentionNotice now render under the page description; UNCHANGED for the underlying RealRetentionClient plumbing),NOT_TESTED,Same actor-token/session-issuance ceremony gap as billing/deviceEnrollment/safeZones (KNOWN_BACKEND_INTEGRATION_ACTION),The disclosure-copy defect is fixed. What remains is purely the pre-existing external gate (no browser-reachable bearer-token/family-context flow) -- not a repo-solvable gap.,I18N_COPY_DEFECT_FIXED_REMAINDER_EXTERNALLY_GATED
parent-web /privacy/export,Same session-bearer-token gap as Retention,RECLASSIFIED_EXTERNAL_GATE,26ab558,"PARTIALLY_FIXED (scopeNotice/externalCopyNotice now render under the page description -- this also covers the backend EXPORT_CREATION_DISCLOSURE code returned in ExportRequestResult.disclosures, surfaced as the same static copy rather than a raw enum dump)",NOT_TESTED,Same actor-token/session-issuance ceremony gap,The disclosure-copy defect is fixed. What remains is purely the pre-existing external gate (same session-bearer-token ceremony gap as Retention) -- not a repo-solvable gap.,I18N_COPY_DEFECT_FIXED_REMAINDER_EXTERNALLY_GATED
parent-web /privacy/delete,Same session-bearer-token gap as Retention/Export,RECLASSIFIED_EXTERNAL_GATE,26ab558,"PARTIALLY_FIXED (scopeNotice/offlineNotice/externalCopyNotice/secureEraseNotice now render inside the confirm dialog before the irreversible action; the real returned plan.toDelete/retainedCount -- previously discarded -- now renders as a queued/retained count after confirming, not a per-item raw-code dump)",NOT_TESTED,Same actor-token/session-issuance ceremony gap,The consequence-disclosure defect is fixed. What remains is purely the pre-existing external gate (same session-bearer-token ceremony gap as Retention/Export) -- not a repo-solvable gap.,I18N_COPY_DEFECT_FIXED_REMAINDER_EXTERNALLY_GATED
parent-web /security/recovery,'Start recovery transaction' had no onClick handler at all; no backend route exists,RECLASSIFIED_EXTERNAL_GATE,914c6d5 (UI-honesty portion only),PARTIAL (dead button replaced with an honest not-yet-available message; the underlying ceremony was deliberately not built),NOT_TESTED,"PCA-13 phase (docs/implementation/PCA_COMPLETION_V2_MATRIX.json) explicitly states: 'Recovery cryptography (RS->RWK KDF, recovery envelope AEAD/KEM open) is NOT_IMPLEMENTED, making the recovery flow functionally inert end-to-end.' backend/src/familyrbac/UnavailableAuthorizedRecoveryAuthority.ts mirrors UnavailableTrustSetRoleResolver's fail-closed-pending-review posture -- same category as PRODUCTION_CRYPTO_SUITE, a crypto-primitive-level gap requiring human security review before any implementation.","Implementing the real recovery ceremony requires choosing/implementing a KDF and AEAD scheme and building the browser-side secret-entry UI + a new HTTP route -- explicitly a security-review-gated task, correctly not rushed in this remediation pass.",EXTERNAL_GATE_CRYPTO_NOT_IMPLEMENTED
parent-web /security/audit,No backend route exists for a family-facing audit trail at all (UnavailableFamilyAuthorityGateway),NOT_STARTED,none,UNCHANGED,NOT_TESTED,none,"Backend foundation landed (a84da80): real FamilyRbacPolicyConfigStore now durable and family-scoped (was a shared hardcoded default). The audit-event delivery path itself (Writer P0-D, encrypted-relay envelope, not a new plaintext read endpoint per PCA_FAMILY_AUTHORITY_COMPLETION_ARCHITECTURE.md's AUDIT_EVENT_MODEL section) has not started yet -- queued after P0-B/P0-C.",REAL_SOURCE_GAP
parent-web /subscription/increase-devices,Owner-authority attestation gate (crypto review) blocks mutations; separately RealDeviceEnrollmentClient discards the 403 body's MANAGED_DEVICE_LIMIT_REACHED code entirely,RECLASSIFIED_EXTERNAL_GATE,0763a91,"FIXED (realDeviceEnrollmentClient.ts now forwards the 403 body's code field as DeviceEnrollmentError.serverCode; DeviceEnrollmentPanel surfaces MANAGED_DEVICE_LIMIT_REACHED distinctly with a link to this page, instead of a generic authority-denial message)",NOT_TESTED (unit + component tests only; no live click-through against a real over-limit family),"Owner-authority attestation chain pending crypto review (PRODUCTION_CRYPTO_SUITE) still blocks the enrollment mutation that would ever produce this 403 in production, and no payment provider is registered in production for this page's own checkout step",The discarded-403-code defect itself is fixed (this was the single highest-value remaining actionable item among the 16 original P0s). What remains is purely the two pre-existing external gates named above -- not a repo-solvable defect.,ACTIONABLE_DEFECT_FIXED_REMAINDER_EXTERNALLY_GATED
platform-admin-web /billing/payments,Failed attempts/refunds/disputes rendered as identical plain text to healthy rows,FIXED_AWAITING_BROWSER,aeb967c,FIXED (typecheck+lint+91/91 unit+15/15 mocked-E2E+build all pass),PARTIALLY_CONFIRMED (real-browser visit confirms the page loads correctly against the real backend with no console errors and an honest empty state; the specific failed/disputed-row badge rendering aeb967c fixed is still unconfirmed -- no such row exists in current seed data),none,Real-backend browser confirmation of the new badges against a real failed/disputed row has not been performed (no such row exists in current seed data).,FIXED_SOURCE_AWAITING_BROWSER
platform-admin-web /settlement/reconciliation,"differenceMinor rendered as a bare unformatted integer instead of real money, on the one page whose purpose is surfacing financial exceptions",FIXED_AWAITING_BROWSER,aeb967c,FIXED (same verification as above; formatMoney() itself already has real-backend exact-money proof via the existing billing E2E step),PARTIALLY_CONFIRMED (real-browser visit confirms the page loads correctly against the real backend with no console errors and an honest empty state; the specific formatMoney() rendering of a real differenceMinor value aeb967c fixed is still unconfirmed -- no UNDER_INVESTIGATION batch with a mismatched transaction exists in current seed data),none,Real-backend browser confirmation against an actual UNDER_INVESTIGATION batch has not been performed (no such batch exists in current seed data -- would require opening a batch and attributing a mismatched transaction to create one).,FIXED_SOURCE_AWAITING_BROWSER
