TABLE_NAME,COLUMN_NAME,DATA_TYPE,PRIVACY_CLASS,RATIONALE
account_entitlements,family_id,varchar(128),OPAQUE_IDENTIFIER,Opaque application identifier (see PCA_RELATIONSHIP_ENFORCEMENT_MATRIX.md for FK/soft-reference classification).
account_entitlements,plan_ref,varchar(32),OPAQUE_IDENTIFIER,Opaque application identifier (see PCA_RELATIONSHIP_ENFORCEMENT_MATRIX.md for FK/soft-reference classification).
account_entitlements,parent_member_limit,int,OPERATIONAL_METADATA,"Numeric/boolean operational counter, limit, flag, rate, or version."
account_entitlements,managed_device_limit,int,OPERATIONAL_METADATA,"Numeric/boolean operational counter, limit, flag, rate, or version."
account_entitlements,parent_member_used_count,int,OPERATIONAL_METADATA,"Numeric/boolean operational counter, limit, flag, rate, or version."
account_entitlements,managed_device_active_count,int,OPERATIONAL_METADATA,"Numeric/boolean operational counter, limit, flag, rate, or version."
account_entitlements,managed_device_reserved_count,int,OPERATIONAL_METADATA,"Numeric/boolean operational counter, limit, flag, rate, or version."
account_entitlements,over_limit_parent_member,tinyint(1),OPERATIONAL_METADATA,"Numeric/boolean operational counter, limit, flag, rate, or version."
account_entitlements,over_limit_managed_device,tinyint(1),OPERATIONAL_METADATA,"Numeric/boolean operational counter, limit, flag, rate, or version."
account_entitlements,revision,bigint,OPERATIONAL_METADATA,"Numeric/boolean operational counter, limit, flag, rate, or version."
account_entitlements,created_at,datetime(3),OPERATIONAL_METADATA,Timestamp.
account_entitlements,updated_at,datetime(3),OPERATIONAL_METADATA,Timestamp.
billing_commercial_markets,commercial_market,varchar(16),OPERATIONAL_METADATA,Closed-vocabulary status/type/category/currency/market column.
billing_commercial_markets,default_currency_code,char(3),OPERATIONAL_METADATA,Closed-vocabulary status/type/category/currency/market column.
billing_country_market_rules,country_code,char(2),OPERATIONAL_METADATA,Closed-vocabulary status/type/category/currency/market column.
billing_country_market_rules,commercial_market,varchar(16),OPERATIONAL_METADATA,Closed-vocabulary status/type/category/currency/market column.
billing_country_market_rules,created_at,datetime(3),OPERATIONAL_METADATA,Timestamp.
billing_currencies,currency_code,char(3),OPERATIONAL_METADATA,Closed-vocabulary status/type/category/currency/market column.
billing_currencies,minor_unit_exponent,tinyint unsigned,OPERATIONAL_METADATA,"Numeric/boolean operational counter, limit, flag, rate, or version."
billing_currencies,enabled,tinyint(1),OPERATIONAL_METADATA,"Numeric/boolean operational counter, limit, flag, rate, or version."
billing_disputes,dispute_id,char(36),OPAQUE_IDENTIFIER,Opaque application identifier (see PCA_RELATIONSHIP_ENFORCEMENT_MATRIX.md for FK/soft-reference classification).
billing_disputes,payment_transaction_id,char(36),OPAQUE_IDENTIFIER,Opaque application identifier (see PCA_RELATIONSHIP_ENFORCEMENT_MATRIX.md for FK/soft-reference classification).
billing_disputes,status,varchar(16),OPERATIONAL_METADATA,Closed-vocabulary status/type/category/currency/market column.
billing_disputes,evidence_submitted_at,datetime(3),OPERATIONAL_METADATA,Timestamp.
billing_disputes,evidence_due_at,datetime(3),OPERATIONAL_METADATA,Timestamp.
billing_disputes,created_at,datetime(3),OPERATIONAL_METADATA,Timestamp.
billing_disputes,updated_at,datetime(3),OPERATIONAL_METADATA,Timestamp.
billing_invoice_lines,invoice_line_id,char(36),OPAQUE_IDENTIFIER,Opaque application identifier (see PCA_RELATIONSHIP_ENFORCEMENT_MATRIX.md for FK/soft-reference classification).
billing_invoice_lines,invoice_id,char(36),OPAQUE_IDENTIFIER,Opaque application identifier (see PCA_RELATIONSHIP_ENFORCEMENT_MATRIX.md for FK/soft-reference classification).
billing_invoice_lines,description,varchar(255),READABLE_PARENT_DATA,"Parent-visible billing/display label (e.g. invoice line description, masked card label) — not child/family activity content."
billing_invoice_lines,line_type,varchar(32),OPERATIONAL_METADATA,Closed-vocabulary status/type/category/currency/market column.
billing_invoice_lines,amount_minor,bigint,OPERATIONAL_METADATA,"Numeric/boolean operational counter, limit, flag, rate, or version."
billing_invoice_lines,currency_code,char(3),OPERATIONAL_METADATA,Closed-vocabulary status/type/category/currency/market column.
billing_invoice_lines,quantity,int unsigned,OPERATIONAL_METADATA,"Numeric/boolean operational counter, limit, flag, rate, or version."
billing_invoice_lines,plan_id,char(36),OPAQUE_IDENTIFIER,Opaque application identifier (see PCA_RELATIONSHIP_ENFORCEMENT_MATRIX.md for FK/soft-reference classification).
billing_invoice_lines,price_book_id,char(36),OPAQUE_IDENTIFIER,Opaque application identifier (see PCA_RELATIONSHIP_ENFORCEMENT_MATRIX.md for FK/soft-reference classification).
billing_invoice_lines,created_at,datetime(3),OPERATIONAL_METADATA,Timestamp.
billing_invoices,invoice_id,char(36),OPAQUE_IDENTIFIER,Opaque application identifier (see PCA_RELATIONSHIP_ENFORCEMENT_MATRIX.md for FK/soft-reference classification).
billing_invoices,account_ref,varchar(64),OPAQUE_IDENTIFIER,Opaque application identifier (see PCA_RELATIONSHIP_ENFORCEMENT_MATRIX.md for FK/soft-reference classification).
billing_invoices,subscription_id,char(36),OPAQUE_IDENTIFIER,Opaque application identifier (see PCA_RELATIONSHIP_ENFORCEMENT_MATRIX.md for FK/soft-reference classification).
billing_invoices,status,varchar(16),OPERATIONAL_METADATA,Closed-vocabulary status/type/category/currency/market column.
billing_invoices,currency_code,char(3),OPERATIONAL_METADATA,Closed-vocabulary status/type/category/currency/market column.
billing_invoices,total_amount_minor,bigint,OPERATIONAL_METADATA,"Numeric/boolean operational counter, limit, flag, rate, or version."
billing_invoices,created_at,datetime(3),OPERATIONAL_METADATA,Timestamp.
billing_invoices,due_at,datetime(3),OPERATIONAL_METADATA,Timestamp.
billing_invoices,period_start,datetime(3),OPERATIONAL_METADATA,Timestamp.
billing_invoices,period_end,datetime(3),OPERATIONAL_METADATA,Timestamp.
billing_payment_attempts,payment_attempt_id,char(36),OPAQUE_IDENTIFIER,Opaque application identifier (see PCA_RELATIONSHIP_ENFORCEMENT_MATRIX.md for FK/soft-reference classification).
billing_payment_attempts,account_ref,varchar(64),OPAQUE_IDENTIFIER,Opaque application identifier (see PCA_RELATIONSHIP_ENFORCEMENT_MATRIX.md for FK/soft-reference classification).
billing_payment_attempts,invoice_id,char(36),OPAQUE_IDENTIFIER,Opaque application identifier (see PCA_RELATIONSHIP_ENFORCEMENT_MATRIX.md for FK/soft-reference classification).
billing_payment_attempts,increase_request_ref,varchar(64),OPAQUE_IDENTIFIER,Opaque application identifier (see PCA_RELATIONSHIP_ENFORCEMENT_MATRIX.md for FK/soft-reference classification).
billing_payment_attempts,payment_method_id,char(36),OPAQUE_IDENTIFIER,Opaque application identifier (see PCA_RELATIONSHIP_ENFORCEMENT_MATRIX.md for FK/soft-reference classification).
billing_payment_attempts,quote_id,char(36),OPAQUE_IDENTIFIER,Opaque application identifier (see PCA_RELATIONSHIP_ENFORCEMENT_MATRIX.md for FK/soft-reference classification).
billing_payment_attempts,price_book_id,char(36),OPAQUE_IDENTIFIER,Opaque application identifier (see PCA_RELATIONSHIP_ENFORCEMENT_MATRIX.md for FK/soft-reference classification).
billing_payment_attempts,price_book_version,int unsigned,OPERATIONAL_METADATA,"Numeric/boolean operational counter, limit, flag, rate, or version."
billing_payment_attempts,target_device_limit,int unsigned,OPERATIONAL_METADATA,"Numeric/boolean operational counter, limit, flag, rate, or version."
billing_payment_attempts,amount_minor,bigint,OPERATIONAL_METADATA,"Numeric/boolean operational counter, limit, flag, rate, or version."
billing_payment_attempts,currency_code,char(3),OPERATIONAL_METADATA,Closed-vocabulary status/type/category/currency/market column.
billing_payment_attempts,status,varchar(16),OPERATIONAL_METADATA,Closed-vocabulary status/type/category/currency/market column.
billing_payment_attempts,provider,varchar(32),OPERATIONAL_METADATA,Closed-vocabulary status/type/category/currency/market column.
billing_payment_attempts,provider_reference,varchar(128),OPERATIONAL_METADATA,"External payment provider's own correlation string, not a PCA table reference."
billing_payment_attempts,created_at,datetime(3),OPERATIONAL_METADATA,Timestamp.
billing_payment_attempts,updated_at,datetime(3),OPERATIONAL_METADATA,Timestamp.
billing_payment_methods,payment_method_id,char(36),OPAQUE_IDENTIFIER,Opaque application identifier (see PCA_RELATIONSHIP_ENFORCEMENT_MATRIX.md for FK/soft-reference classification).
billing_payment_methods,account_ref,varchar(64),OPAQUE_IDENTIFIER,Opaque application identifier (see PCA_RELATIONSHIP_ENFORCEMENT_MATRIX.md for FK/soft-reference classification).
billing_payment_methods,provider,varchar(32),OPERATIONAL_METADATA,Closed-vocabulary status/type/category/currency/market column.
billing_payment_methods,provider_payment_method_ref,varchar(128),OPAQUE_IDENTIFIER,Opaque application identifier (see PCA_RELATIONSHIP_ENFORCEMENT_MATRIX.md for FK/soft-reference classification).
billing_payment_methods,brand,varchar(32),OPERATIONAL_METADATA,Closed-vocabulary status/type/category/currency/market column.
billing_payment_methods,display_label,varchar(64),READABLE_PARENT_DATA,"Parent-visible billing/display label (e.g. invoice line description, masked card label) — not child/family activity content."
billing_payment_methods,last4,char(4),READABLE_PARENT_DATA,"Last 4 digits of a payment card, standard minimal display data."
billing_payment_methods,expiry_month,tinyint unsigned,OPERATIONAL_METADATA,"Numeric/boolean operational counter, limit, flag, rate, or version."
billing_payment_methods,expiry_year,smallint unsigned,OPERATIONAL_METADATA,"Numeric/boolean operational counter, limit, flag, rate, or version."
billing_payment_methods,status,varchar(16),OPERATIONAL_METADATA,Closed-vocabulary status/type/category/currency/market column.
billing_payment_methods,created_at,datetime(3),OPERATIONAL_METADATA,Timestamp.
billing_payment_transactions,payment_transaction_id,char(36),OPAQUE_IDENTIFIER,Opaque application identifier (see PCA_RELATIONSHIP_ENFORCEMENT_MATRIX.md for FK/soft-reference classification).
billing_payment_transactions,payment_attempt_id,char(36),OPAQUE_IDENTIFIER,Opaque application identifier (see PCA_RELATIONSHIP_ENFORCEMENT_MATRIX.md for FK/soft-reference classification).
billing_payment_transactions,account_ref,varchar(64),OPAQUE_IDENTIFIER,Opaque application identifier (see PCA_RELATIONSHIP_ENFORCEMENT_MATRIX.md for FK/soft-reference classification).
billing_payment_transactions,invoice_id,char(36),OPAQUE_IDENTIFIER,Opaque application identifier (see PCA_RELATIONSHIP_ENFORCEMENT_MATRIX.md for FK/soft-reference classification).
billing_payment_transactions,amount_minor,bigint,OPERATIONAL_METADATA,"Numeric/boolean operational counter, limit, flag, rate, or version."
billing_payment_transactions,currency_code,char(3),OPERATIONAL_METADATA,Closed-vocabulary status/type/category/currency/market column.
billing_payment_transactions,provider,varchar(32),OPERATIONAL_METADATA,Closed-vocabulary status/type/category/currency/market column.
billing_payment_transactions,provider_transaction_ref,varchar(128),OPAQUE_IDENTIFIER,Opaque application identifier (see PCA_RELATIONSHIP_ENFORCEMENT_MATRIX.md for FK/soft-reference classification).
billing_payment_transactions,quote_id,char(36),OPAQUE_IDENTIFIER,Opaque application identifier (see PCA_RELATIONSHIP_ENFORCEMENT_MATRIX.md for FK/soft-reference classification).
billing_payment_transactions,price_book_id,char(36),OPAQUE_IDENTIFIER,Opaque application identifier (see PCA_RELATIONSHIP_ENFORCEMENT_MATRIX.md for FK/soft-reference classification).
billing_payment_transactions,price_book_version,int unsigned,OPERATIONAL_METADATA,"Numeric/boolean operational counter, limit, flag, rate, or version."
billing_payment_transactions,confirmed_at,datetime(3),OPERATIONAL_METADATA,Timestamp.
billing_plans,plan_id,char(36),OPAQUE_IDENTIFIER,Opaque application identifier (see PCA_RELATIONSHIP_ENFORCEMENT_MATRIX.md for FK/soft-reference classification).
billing_plans,plan_code,varchar(64),OPERATIONAL_METADATA,Closed-vocabulary status/type/category/currency/market column.
billing_plans,plan_version,int unsigned,OPERATIONAL_METADATA,"Numeric/boolean operational counter, limit, flag, rate, or version."
billing_plans,status,varchar(16),OPERATIONAL_METADATA,Closed-vocabulary status/type/category/currency/market column.
billing_plans,billing_cadence,varchar(16),OPERATIONAL_METADATA,Closed-vocabulary status/type/category/currency/market column.
billing_plans,default_parent_member_limit,int unsigned,OPERATIONAL_METADATA,"Numeric/boolean operational counter, limit, flag, rate, or version."
billing_plans,default_managed_device_limit,int unsigned,OPERATIONAL_METADATA,"Numeric/boolean operational counter, limit, flag, rate, or version."
billing_plans,price_book_id,char(36),OPAQUE_IDENTIFIER,Opaque application identifier (see PCA_RELATIONSHIP_ENFORCEMENT_MATRIX.md for FK/soft-reference classification).
billing_plans,created_at,datetime(3),OPERATIONAL_METADATA,Timestamp.
billing_price_books,price_book_id,char(36),OPAQUE_IDENTIFIER,Opaque application identifier (see PCA_RELATIONSHIP_ENFORCEMENT_MATRIX.md for FK/soft-reference classification).
billing_price_books,commercial_market,varchar(16),OPERATIONAL_METADATA,Closed-vocabulary status/type/category/currency/market column.
billing_price_books,currency_code,char(3),OPERATIONAL_METADATA,Closed-vocabulary status/type/category/currency/market column.
billing_price_books,target_device_limit,int unsigned,OPERATIONAL_METADATA,"Numeric/boolean operational counter, limit, flag, rate, or version."
billing_price_books,amount_minor,bigint,OPERATIONAL_METADATA,"Numeric/boolean operational counter, limit, flag, rate, or version."
billing_price_books,price_book_version,int unsigned,OPERATIONAL_METADATA,"Numeric/boolean operational counter, limit, flag, rate, or version."
billing_price_books,status,varchar(16),OPERATIONAL_METADATA,Closed-vocabulary status/type/category/currency/market column.
billing_price_books,effective_from,datetime(3),OPERATIONAL_METADATA,Timestamp.
billing_price_books,effective_to,datetime(3),OPERATIONAL_METADATA,Timestamp.
billing_price_books,created_by_admin_id,char(36),OPAQUE_IDENTIFIER,Opaque application identifier (see PCA_RELATIONSHIP_ENFORCEMENT_MATRIX.md for FK/soft-reference classification).
billing_price_books,created_at,datetime(3),OPERATIONAL_METADATA,Timestamp.
billing_price_books,open_active_key,varchar(64),OPAQUE_IDENTIFIER,"Idempotency/dedup/uniqueness key, opaque."
billing_provider_events,provider_event_row_id,char(36),OPAQUE_IDENTIFIER,Opaque application identifier (see PCA_RELATIONSHIP_ENFORCEMENT_MATRIX.md for FK/soft-reference classification).
billing_provider_events,provider,varchar(32),OPERATIONAL_METADATA,Closed-vocabulary status/type/category/currency/market column.
billing_provider_events,provider_event_id,varchar(128),OPAQUE_IDENTIFIER,Opaque application identifier (see PCA_RELATIONSHIP_ENFORCEMENT_MATRIX.md for FK/soft-reference classification).
billing_provider_events,received_at,datetime(3),OPERATIONAL_METADATA,Timestamp.
billing_provider_events,processing_status,varchar(16),OPERATIONAL_METADATA,Closed-vocabulary status/type/category/currency/market column.
billing_provider_events,correlation_ref,varchar(64),OPAQUE_IDENTIFIER,Opaque application identifier (see PCA_RELATIONSHIP_ENFORCEMENT_MATRIX.md for FK/soft-reference classification).
billing_quotes,quote_id,char(36),OPAQUE_IDENTIFIER,Opaque application identifier (see PCA_RELATIONSHIP_ENFORCEMENT_MATRIX.md for FK/soft-reference classification).
billing_quotes,increase_request_ref,varchar(64),OPAQUE_IDENTIFIER,Opaque application identifier (see PCA_RELATIONSHIP_ENFORCEMENT_MATRIX.md for FK/soft-reference classification).
billing_quotes,commercial_market,varchar(16),OPERATIONAL_METADATA,Closed-vocabulary status/type/category/currency/market column.
billing_quotes,target_device_limit,int unsigned,OPERATIONAL_METADATA,"Numeric/boolean operational counter, limit, flag, rate, or version."
billing_quotes,amount_minor,bigint,OPERATIONAL_METADATA,"Numeric/boolean operational counter, limit, flag, rate, or version."
billing_quotes,currency_code,char(3),OPERATIONAL_METADATA,Closed-vocabulary status/type/category/currency/market column.
billing_quotes,issued_by_admin_id,char(36),OPAQUE_IDENTIFIER,Opaque application identifier (see PCA_RELATIONSHIP_ENFORCEMENT_MATRIX.md for FK/soft-reference classification).
billing_quotes,issued_at,datetime(3),OPERATIONAL_METADATA,Timestamp.
billing_quotes,expires_at,datetime(3),OPERATIONAL_METADATA,Timestamp.
billing_quotes,status,varchar(16),OPERATIONAL_METADATA,Closed-vocabulary status/type/category/currency/market column.
billing_refund_operations,refund_operation_id,char(36),OPAQUE_IDENTIFIER,Opaque application identifier (see PCA_RELATIONSHIP_ENFORCEMENT_MATRIX.md for FK/soft-reference classification).
billing_refund_operations,payment_transaction_id,char(36),OPAQUE_IDENTIFIER,Opaque application identifier (see PCA_RELATIONSHIP_ENFORCEMENT_MATRIX.md for FK/soft-reference classification).
billing_refund_operations,amount_minor,bigint,OPERATIONAL_METADATA,"Numeric/boolean operational counter, limit, flag, rate, or version."
billing_refund_operations,currency_code,char(3),OPERATIONAL_METADATA,Closed-vocabulary status/type/category/currency/market column.
billing_refund_operations,reason_code,varchar(32),OPERATIONAL_METADATA,Closed-vocabulary status/type/category/currency/market column.
billing_refund_operations,reason_note,varchar(255),OPERATIONAL_METADATA,"Admin-authored free-text business-process justification (always paired with a *_by_admin_id column) — never child/family personal content, but genuinely free-text; see PCA_CANONICAL_SCHEMA_REPORT.md caveat."
billing_refund_operations,initiated_by_admin_id,char(36),OPAQUE_IDENTIFIER,Opaque application identifier (see PCA_RELATIONSHIP_ENFORCEMENT_MATRIX.md for FK/soft-reference classification).
billing_refund_operations,step_up_session_id,char(36),OPAQUE_IDENTIFIER,Opaque application identifier (see PCA_RELATIONSHIP_ENFORCEMENT_MATRIX.md for FK/soft-reference classification).
billing_refund_operations,provider,varchar(32),OPERATIONAL_METADATA,Closed-vocabulary status/type/category/currency/market column.
billing_refund_operations,idempotency_key,varchar(128),OPAQUE_IDENTIFIER,"Idempotency/dedup/uniqueness key, opaque."
billing_refund_operations,provider_refund_ref,varchar(128),OPAQUE_IDENTIFIER,Opaque application identifier (see PCA_RELATIONSHIP_ENFORCEMENT_MATRIX.md for FK/soft-reference classification).
billing_refund_operations,state,varchar(20),OPERATIONAL_METADATA,Closed-vocabulary status/type/category/currency/market column.
billing_refund_operations,refund_id,char(36),OPAQUE_IDENTIFIER,Opaque application identifier (see PCA_RELATIONSHIP_ENFORCEMENT_MATRIX.md for FK/soft-reference classification).
billing_refund_operations,created_at,datetime(3),OPERATIONAL_METADATA,Timestamp.
billing_refund_operations,updated_at,datetime(3),OPERATIONAL_METADATA,Timestamp.
billing_refunds,refund_id,char(36),OPAQUE_IDENTIFIER,Opaque application identifier (see PCA_RELATIONSHIP_ENFORCEMENT_MATRIX.md for FK/soft-reference classification).
billing_refunds,payment_transaction_id,char(36),OPAQUE_IDENTIFIER,Opaque application identifier (see PCA_RELATIONSHIP_ENFORCEMENT_MATRIX.md for FK/soft-reference classification).
billing_refunds,amount_minor,bigint,OPERATIONAL_METADATA,"Numeric/boolean operational counter, limit, flag, rate, or version."
billing_refunds,currency_code,char(3),OPERATIONAL_METADATA,Closed-vocabulary status/type/category/currency/market column.
billing_refunds,reason_code,varchar(32),OPERATIONAL_METADATA,Closed-vocabulary status/type/category/currency/market column.
billing_refunds,reason_note,varchar(255),OPERATIONAL_METADATA,"Admin-authored free-text business-process justification (always paired with a *_by_admin_id column) — never child/family personal content, but genuinely free-text; see PCA_CANONICAL_SCHEMA_REPORT.md caveat."
billing_refunds,initiated_by_admin_id,char(36),OPAQUE_IDENTIFIER,Opaque application identifier (see PCA_RELATIONSHIP_ENFORCEMENT_MATRIX.md for FK/soft-reference classification).
billing_refunds,step_up_session_id,char(36),OPAQUE_IDENTIFIER,Opaque application identifier (see PCA_RELATIONSHIP_ENFORCEMENT_MATRIX.md for FK/soft-reference classification).
billing_refunds,entitlement_treatment,varchar(32),OPERATIONAL_METADATA,"Closed enum ('NOT_APPLICABLE','ENTITLEMENT_UNCHANGED','ENTITLEMENT_REDUCTION_PENDING')."
billing_refunds,status,varchar(16),OPERATIONAL_METADATA,Closed-vocabulary status/type/category/currency/market column.
billing_refunds,created_at,datetime(3),OPERATIONAL_METADATA,Timestamp.
billing_subscriptions,subscription_id,char(36),OPAQUE_IDENTIFIER,Opaque application identifier (see PCA_RELATIONSHIP_ENFORCEMENT_MATRIX.md for FK/soft-reference classification).
billing_subscriptions,account_ref,varchar(64),OPAQUE_IDENTIFIER,Opaque application identifier (see PCA_RELATIONSHIP_ENFORCEMENT_MATRIX.md for FK/soft-reference classification).
billing_subscriptions,plan_id,char(36),OPAQUE_IDENTIFIER,Opaque application identifier (see PCA_RELATIONSHIP_ENFORCEMENT_MATRIX.md for FK/soft-reference classification).
billing_subscriptions,status,varchar(16),OPERATIONAL_METADATA,Closed-vocabulary status/type/category/currency/market column.
billing_subscriptions,current_period_start,datetime(3),OPERATIONAL_METADATA,Timestamp.
billing_subscriptions,current_period_end,datetime(3),OPERATIONAL_METADATA,Timestamp.
billing_subscriptions,payment_method_id,char(36),OPAQUE_IDENTIFIER,Opaque application identifier (see PCA_RELATIONSHIP_ENFORCEMENT_MATRIX.md for FK/soft-reference classification).
billing_subscriptions,created_at,datetime(3),OPERATIONAL_METADATA,Timestamp.
billing_subscriptions,canceled_at,datetime(3),OPERATIONAL_METADATA,Timestamp.
billing_subscriptions,auto_renew,tinyint(1),OPERATIONAL_METADATA,"Numeric/boolean operational counter, limit, flag, rate, or version."
billing_subscriptions,active_account_key,varchar(80),OPAQUE_IDENTIFIER,"Idempotency/dedup/uniqueness key, opaque."
commercial_notifications,notification_id,char(36),OPAQUE_IDENTIFIER,Opaque application identifier (see PCA_RELATIONSHIP_ENFORCEMENT_MATRIX.md for FK/soft-reference classification).
commercial_notifications,account_ref,varchar(128),OPAQUE_IDENTIFIER,Opaque application identifier (see PCA_RELATIONSHIP_ENFORCEMENT_MATRIX.md for FK/soft-reference classification).
commercial_notifications,event_type,varchar(32),OPERATIONAL_METADATA,Closed-vocabulary status/type/category/currency/market column.
commercial_notifications,dedupe_key,varchar(191),OPAQUE_IDENTIFIER,"Idempotency/dedup/uniqueness key, opaque."
commercial_notifications,resource_ref,varchar(128),OPAQUE_IDENTIFIER,Opaque application identifier (see PCA_RELATIONSHIP_ENFORCEMENT_MATRIX.md for FK/soft-reference classification).
commercial_notifications,message_key,varchar(64),OPAQUE_IDENTIFIER,"Fixed enum-like localization key into a client-side translation table (migration 0012: 'never free-text, never a pre-rendered English sentence')."
commercial_notifications,params_json,json,OPERATIONAL_METADATA,"Server-controlled structured parameter bag (migration 0012), never free-text."
commercial_notifications,created_at,datetime(3),OPERATIONAL_METADATA,Timestamp.
commercial_notifications,read_at,datetime(3),OPERATIONAL_METADATA,Timestamp.
commercial_notifications,acknowledged_at,datetime(3),OPERATIONAL_METADATA,Timestamp.
complimentary_entitlement_grants,grant_id,char(36),OPAQUE_IDENTIFIER,Opaque application identifier (see PCA_RELATIONSHIP_ENFORCEMENT_MATRIX.md for FK/soft-reference classification).
complimentary_entitlement_grants,family_id,varchar(128),OPAQUE_IDENTIFIER,Opaque application identifier (see PCA_RELATIONSHIP_ENFORCEMENT_MATRIX.md for FK/soft-reference classification).
complimentary_entitlement_grants,entitlement_type,varchar(32),OPERATIONAL_METADATA,Closed-vocabulary status/type/category/currency/market column.
complimentary_entitlement_grants,category,varchar(32),OPERATIONAL_METADATA,Closed-vocabulary grant category.
complimentary_entitlement_grants,amount_or_allowance,int,OPERATIONAL_METADATA,"Numeric/boolean operational counter, limit, flag, rate, or version."
complimentary_entitlement_grants,effective_from,datetime(3),OPERATIONAL_METADATA,Timestamp.
complimentary_entitlement_grants,expires_at,datetime(3),OPERATIONAL_METADATA,Timestamp.
complimentary_entitlement_grants,status,varchar(16),OPERATIONAL_METADATA,Closed-vocabulary status/type/category/currency/market column.
complimentary_entitlement_grants,reason_code,varchar(64),OPERATIONAL_METADATA,Closed-vocabulary status/type/category/currency/market column.
complimentary_entitlement_grants,internal_note,varchar(2000),OPERATIONAL_METADATA,"Admin-authored free-text business-process justification (always paired with a *_by_admin_id column) — never child/family personal content, but genuinely free-text; see PCA_CANONICAL_SCHEMA_REPORT.md caveat."
complimentary_entitlement_grants,granted_by_admin_id,char(36),OPAQUE_IDENTIFIER,Opaque application identifier (see PCA_RELATIONSHIP_ENFORCEMENT_MATRIX.md for FK/soft-reference classification).
complimentary_entitlement_grants,created_at,datetime(3),OPERATIONAL_METADATA,Timestamp.
complimentary_entitlement_grants,revoked_at,datetime(3),OPERATIONAL_METADATA,Timestamp.
complimentary_entitlement_grants,revoked_by_admin_id,char(36),OPAQUE_IDENTIFIER,Opaque application identifier (see PCA_RELATIONSHIP_ENFORCEMENT_MATRIX.md for FK/soft-reference classification).
complimentary_entitlement_grants,revision,bigint,OPERATIONAL_METADATA,"Numeric/boolean operational counter, limit, flag, rate, or version."
device_challenges,challenge_id,char(36),OPAQUE_IDENTIFIER,Opaque application identifier (see PCA_RELATIONSHIP_ENFORCEMENT_MATRIX.md for FK/soft-reference classification).
device_challenges,device_id,char(36),OPAQUE_IDENTIFIER,Opaque application identifier (see PCA_RELATIONSHIP_ENFORCEMENT_MATRIX.md for FK/soft-reference classification).
device_challenges,family_id,varchar(128),OPAQUE_IDENTIFIER,Opaque application identifier (see PCA_RELATIONSHIP_ENFORCEMENT_MATRIX.md for FK/soft-reference classification).
device_challenges,nonce,varchar(256),ENCRYPTED_PAYLOAD,Opaque encrypted/binary payload.
device_challenges,created_at,datetime(3),OPERATIONAL_METADATA,Timestamp.
device_challenges,expires_at,datetime(3),OPERATIONAL_METADATA,Timestamp.
device_challenges,consumed_at,datetime(3),OPERATIONAL_METADATA,Timestamp.
device_protection_status,device_id,char(36),OPAQUE_IDENTIFIER,Opaque application identifier (see PCA_RELATIONSHIP_ENFORCEMENT_MATRIX.md for FK/soft-reference classification).
device_protection_status,family_id,varchar(128),OPAQUE_IDENTIFIER,Opaque application identifier (see PCA_RELATIONSHIP_ENFORCEMENT_MATRIX.md for FK/soft-reference classification).
device_protection_status,protection_level,varchar(32),OPERATIONAL_METADATA,Closed-vocabulary status/type/category/currency/market column.
device_protection_status,updated_at,datetime(3),OPERATIONAL_METADATA,Timestamp.
device_public_keys,device_id,char(36),OPAQUE_IDENTIFIER,Opaque application identifier (see PCA_RELATIONSHIP_ENFORCEMENT_MATRIX.md for FK/soft-reference classification).
device_public_keys,key_id,char(36),OPAQUE_IDENTIFIER,Opaque application identifier (see PCA_RELATIONSHIP_ENFORCEMENT_MATRIX.md for FK/soft-reference classification).
device_public_keys,key_purpose,varchar(8),OPERATIONAL_METADATA,Closed-vocabulary status/type/category/currency/market column.
device_public_keys,public_key,varchar(128),SECURITY_METADATA,Public signing key material (never private).
device_public_keys,status,varchar(16),OPERATIONAL_METADATA,Closed-vocabulary status/type/category/currency/market column.
device_public_keys,created_at,datetime(3),OPERATIONAL_METADATA,Timestamp.
device_public_keys,revoked_at,datetime(3),OPERATIONAL_METADATA,Timestamp.
devices,device_id,char(36),OPAQUE_IDENTIFIER,Opaque application identifier (see PCA_RELATIONSHIP_ENFORCEMENT_MATRIX.md for FK/soft-reference classification).
devices,family_id,varchar(128),OPAQUE_IDENTIFIER,Opaque application identifier (see PCA_RELATIONSHIP_ENFORCEMENT_MATRIX.md for FK/soft-reference classification).
devices,platform,varchar(16),OPERATIONAL_METADATA,Closed-vocabulary status/type/category/currency/market column.
devices,status,varchar(16),OPERATIONAL_METADATA,Closed-vocabulary status/type/category/currency/market column.
devices,created_at,datetime(3),OPERATIONAL_METADATA,Timestamp.
devices,revoked_at,datetime(3),OPERATIONAL_METADATA,Timestamp.
devices,paired_at,datetime(3),OPERATIONAL_METADATA,Timestamp.
devices,paired_by_account_id,char(36),OPAQUE_IDENTIFIER,Opaque application identifier (see PCA_RELATIONSHIP_ENFORCEMENT_MATRIX.md for FK/soft-reference classification).
devices,registered_by_account_id,char(36),OPAQUE_IDENTIFIER,Opaque application identifier (see PCA_RELATIONSHIP_ENFORCEMENT_MATRIX.md for FK/soft-reference classification).
enrollment_administration_verifiers,family_id,varchar(128),OPAQUE_IDENTIFIER,Opaque application identifier (see PCA_RELATIONSHIP_ENFORCEMENT_MATRIX.md for FK/soft-reference classification).
enrollment_administration_verifiers,salt_b64,varchar(32),SECURITY_METADATA,"Authentication/verification/integrity hash material, never a raw secret or raw identifying value."
enrollment_administration_verifiers,verifier_b64,varchar(64),SECURITY_METADATA,"Authentication/verification/integrity hash material, never a raw secret or raw identifying value."
enrollment_administration_verifiers,failed_attempts,tinyint unsigned,OPERATIONAL_METADATA,"Numeric/boolean operational counter, limit, flag, rate, or version."
enrollment_administration_verifiers,locked_until,datetime(3),OPERATIONAL_METADATA,Timestamp.
enrollment_administration_verifiers,updated_at,datetime(3),OPERATIONAL_METADATA,Timestamp.
enrollment_bootstrap_attempts,attempt_id,varchar(64),OPAQUE_IDENTIFIER,Opaque application identifier (see PCA_RELATIONSHIP_ENFORCEMENT_MATRIX.md for FK/soft-reference classification).
enrollment_bootstrap_attempts,token_hash,char(64),SECURITY_METADATA,"Authentication/verification/integrity hash material, never a raw secret or raw identifying value."
enrollment_bootstrap_attempts,recovery_token_hash,char(64),SECURITY_METADATA,"Authentication/verification/integrity hash material, never a raw secret or raw identifying value."
enrollment_bootstrap_attempts,platform,varchar(16),OPERATIONAL_METADATA,Closed-vocabulary status/type/category/currency/market column.
enrollment_bootstrap_attempts,signing_public_key,varchar(128),SECURITY_METADATA,Public signing key material (never private).
enrollment_bootstrap_attempts,encryption_public_key,varchar(128),SECURITY_METADATA,Public signing key material (never private).
enrollment_bootstrap_attempts,device_id,char(36),OPAQUE_IDENTIFIER,Opaque application identifier (see PCA_RELATIONSHIP_ENFORCEMENT_MATRIX.md for FK/soft-reference classification).
enrollment_bootstrap_attempts,signing_key_id,char(36),OPAQUE_IDENTIFIER,Opaque application identifier (see PCA_RELATIONSHIP_ENFORCEMENT_MATRIX.md for FK/soft-reference classification).
enrollment_bootstrap_attempts,encryption_key_id,char(36),OPAQUE_IDENTIFIER,Opaque application identifier (see PCA_RELATIONSHIP_ENFORCEMENT_MATRIX.md for FK/soft-reference classification).
enrollment_bootstrap_attempts,invitation_id,char(36),OPAQUE_IDENTIFIER,Opaque application identifier (see PCA_RELATIONSHIP_ENFORCEMENT_MATRIX.md for FK/soft-reference classification).
enrollment_bootstrap_attempts,family_id,varchar(128),OPAQUE_IDENTIFIER,Opaque application identifier (see PCA_RELATIONSHIP_ENFORCEMENT_MATRIX.md for FK/soft-reference classification).
enrollment_bootstrap_attempts,status,varchar(16),OPERATIONAL_METADATA,Closed-vocabulary status/type/category/currency/market column.
enrollment_bootstrap_attempts,created_at,datetime(3),OPERATIONAL_METADATA,Timestamp.
enrollment_invitation_transitions,transition_id,char(36),OPAQUE_IDENTIFIER,Opaque application identifier (see PCA_RELATIONSHIP_ENFORCEMENT_MATRIX.md for FK/soft-reference classification).
enrollment_invitation_transitions,invitation_id,char(36),OPAQUE_IDENTIFIER,Opaque application identifier (see PCA_RELATIONSHIP_ENFORCEMENT_MATRIX.md for FK/soft-reference classification).
enrollment_invitation_transitions,from_status,varchar(32),OPERATIONAL_METADATA,Closed-vocabulary status/type/category/currency/market column.
enrollment_invitation_transitions,to_status,varchar(32),OPERATIONAL_METADATA,Closed-vocabulary status/type/category/currency/market column.
enrollment_invitation_transitions,transitioned_at,datetime(3),OPERATIONAL_METADATA,Timestamp.
enrollment_invitations,invitation_id,char(36),OPAQUE_IDENTIFIER,Opaque application identifier (see PCA_RELATIONSHIP_ENFORCEMENT_MATRIX.md for FK/soft-reference classification).
enrollment_invitations,family_id,varchar(128),OPAQUE_IDENTIFIER,Opaque application identifier (see PCA_RELATIONSHIP_ENFORCEMENT_MATRIX.md for FK/soft-reference classification).
enrollment_invitations,child_profile_id,varchar(128),OPAQUE_IDENTIFIER,Opaque application identifier (see PCA_RELATIONSHIP_ENFORCEMENT_MATRIX.md for FK/soft-reference classification).
enrollment_invitations,token_hash,char(64),SECURITY_METADATA,"Authentication/verification/integrity hash material, never a raw secret or raw identifying value."
enrollment_invitations,platform,varchar(16),OPERATIONAL_METADATA,Closed-vocabulary status/type/category/currency/market column.
enrollment_invitations,requested_protection_mode,varchar(32),OPERATIONAL_METADATA,Closed-vocabulary status/type/category/currency/market column.
enrollment_invitations,age_ux_tier,varchar(16),OPERATIONAL_METADATA,"Closed enum ('YOUNG_CHILD','TEEN') UX tier, not an actual age/DOB (migration 0019: 'No display name, activity, location, or readable child content is stored here')."
enrollment_invitations,initial_policy_profile,varchar(16),OPERATIONAL_METADATA,"Closed enum ('BALANCED','STRICT') named tier selection, not stored policy/rule content."
enrollment_invitations,status,varchar(32),OPERATIONAL_METADATA,Closed-vocabulary status/type/category/currency/market column.
enrollment_invitations,created_at,datetime(3),OPERATIONAL_METADATA,Timestamp.
enrollment_invitations,expires_at,datetime(3),OPERATIONAL_METADATA,Timestamp.
enrollment_invitations,opened_at,datetime(3),OPERATIONAL_METADATA,Timestamp.
enrollment_invitations,install_required_at,datetime(3),OPERATIONAL_METADATA,Timestamp.
enrollment_invitations,app_installed_at,datetime(3),OPERATIONAL_METADATA,Timestamp.
enrollment_invitations,authorization_required_at,datetime(3),OPERATIONAL_METADATA,Timestamp.
enrollment_invitations,redeemed_at,datetime(3),OPERATIONAL_METADATA,Timestamp.
enrollment_invitations,expired_at,datetime(3),OPERATIONAL_METADATA,Timestamp.
enrollment_invitations,revoked_at,datetime(3),OPERATIONAL_METADATA,Timestamp.
enrollment_protection_approval_requests,request_id,varchar(200),OPAQUE_IDENTIFIER,Opaque application identifier (see PCA_RELATIONSHIP_ENFORCEMENT_MATRIX.md for FK/soft-reference classification).
enrollment_protection_approval_requests,family_id,varchar(128),OPAQUE_IDENTIFIER,Opaque application identifier (see PCA_RELATIONSHIP_ENFORCEMENT_MATRIX.md for FK/soft-reference classification).
enrollment_protection_approval_requests,child_id,varchar(200),OPAQUE_IDENTIFIER,Opaque application identifier (see PCA_RELATIONSHIP_ENFORCEMENT_MATRIX.md for FK/soft-reference classification).
enrollment_protection_approval_requests,device_id,varchar(200),OPAQUE_IDENTIFIER,Opaque application identifier (see PCA_RELATIONSHIP_ENFORCEMENT_MATRIX.md for FK/soft-reference classification).
enrollment_protection_approval_requests,operation,varchar(32),OPERATIONAL_METADATA,"Closed enum ('REMOVE_REVOKE_DEVICE','DISABLE_PROTECTION_POLICY')."
enrollment_protection_approval_requests,protection_level,varchar(32),OPERATIONAL_METADATA,Closed-vocabulary status/type/category/currency/market column.
enrollment_protection_approval_requests,requested_at,datetime(3),OPERATIONAL_METADATA,Timestamp.
enrollment_protection_approval_requests,expires_at,datetime(3),OPERATIONAL_METADATA,Timestamp.
enrollment_protection_approval_requests,reason_category,varchar(32),OPERATIONAL_METADATA,Closed-vocabulary status/type/category/currency/market column.
enrollment_protection_approval_requests,protective_authority_applies,tinyint unsigned,OPERATIONAL_METADATA,"Numeric/boolean operational counter, limit, flag, rate, or version."
enrollment_protection_approval_requests,state,varchar(32),OPERATIONAL_METADATA,Closed-vocabulary status/type/category/currency/market column.
enrollment_protection_approval_requests,decided_at,datetime(3),OPERATIONAL_METADATA,Timestamp.
enrollment_protection_approval_requests,decision_method,varchar(32),OPERATIONAL_METADATA,Closed-vocabulary status/type/category/currency/market column.
enrollment_protection_approval_requests,temporary_disable_until,datetime(3),OPERATIONAL_METADATA,Timestamp.
enrollment_protection_approval_requests,decided_by_device_id,varchar(200),OPAQUE_IDENTIFIER,Opaque application identifier (see PCA_RELATIONSHIP_ENFORCEMENT_MATRIX.md for FK/soft-reference classification).
enrollment_protection_approval_requests,decision_action_id,varchar(128),OPAQUE_IDENTIFIER,Opaque application identifier (see PCA_RELATIONSHIP_ENFORCEMENT_MATRIX.md for FK/soft-reference classification).
enrollment_protection_approval_requests,idempotency_key,varchar(128),OPAQUE_IDENTIFIER,"Idempotency/dedup/uniqueness key, opaque."
enrollment_protection_approval_requests,decision_fingerprint,char(64),SECURITY_METADATA,"Authentication/verification/integrity hash material, never a raw secret or raw identifying value."
entitlement_activation_idempotency,idempotency_key,varchar(191),OPAQUE_IDENTIFIER,"Idempotency/dedup/uniqueness key, opaque."
entitlement_activation_idempotency,request_id,char(36),OPAQUE_IDENTIFIER,Opaque application identifier (see PCA_RELATIONSHIP_ENFORCEMENT_MATRIX.md for FK/soft-reference classification).
entitlement_activation_idempotency,family_id,varchar(128),OPAQUE_IDENTIFIER,Opaque application identifier (see PCA_RELATIONSHIP_ENFORCEMENT_MATRIX.md for FK/soft-reference classification).
entitlement_activation_idempotency,applied_managed_device_limit,int,OPERATIONAL_METADATA,"Numeric/boolean operational counter, limit, flag, rate, or version."
entitlement_activation_idempotency,applied_at,datetime(3),OPERATIONAL_METADATA,Timestamp.
entitlement_change_request_transitions,transition_id,char(36),OPAQUE_IDENTIFIER,Opaque application identifier (see PCA_RELATIONSHIP_ENFORCEMENT_MATRIX.md for FK/soft-reference classification).
entitlement_change_request_transitions,request_id,char(36),OPAQUE_IDENTIFIER,Opaque application identifier (see PCA_RELATIONSHIP_ENFORCEMENT_MATRIX.md for FK/soft-reference classification).
entitlement_change_request_transitions,from_state,varchar(20),OPERATIONAL_METADATA,Closed-vocabulary status/type/category/currency/market column.
entitlement_change_request_transitions,to_state,varchar(20),OPERATIONAL_METADATA,Closed-vocabulary status/type/category/currency/market column.
entitlement_change_request_transitions,occurred_at,datetime(3),OPERATIONAL_METADATA,Timestamp.
entitlement_change_request_transitions,actor_admin_id,char(36),OPAQUE_IDENTIFIER,Opaque application identifier (see PCA_RELATIONSHIP_ENFORCEMENT_MATRIX.md for FK/soft-reference classification).
entitlement_change_requests,request_id,char(36),OPAQUE_IDENTIFIER,Opaque application identifier (see PCA_RELATIONSHIP_ENFORCEMENT_MATRIX.md for FK/soft-reference classification).
entitlement_change_requests,family_id,varchar(128),OPAQUE_IDENTIFIER,Opaque application identifier (see PCA_RELATIONSHIP_ENFORCEMENT_MATRIX.md for FK/soft-reference classification).
entitlement_change_requests,limit_type,varchar(24),OPERATIONAL_METADATA,Closed-vocabulary status/type/category/currency/market column.
entitlement_change_requests,current_limit_at_request,int,OPERATIONAL_METADATA,"Numeric/boolean operational counter, limit, flag, rate, or version."
entitlement_change_requests,target_limit,int,OPERATIONAL_METADATA,"Numeric/boolean operational counter, limit, flag, rate, or version."
entitlement_change_requests,state,varchar(20),OPERATIONAL_METADATA,Closed-vocabulary status/type/category/currency/market column.
entitlement_change_requests,awaiting_admin_quote,tinyint(1),OPERATIONAL_METADATA,"Numeric/boolean operational counter, limit, flag, rate, or version."
entitlement_change_requests,no_charge_override,tinyint(1),OPERATIONAL_METADATA,"Numeric/boolean operational counter, limit, flag, rate, or version."
entitlement_change_requests,quote_kind,varchar(16),OPERATIONAL_METADATA,Closed-vocabulary status/type/category/currency/market column.
entitlement_change_requests,quote_ref,varchar(64),OPAQUE_IDENTIFIER,Opaque application identifier (see PCA_RELATIONSHIP_ENFORCEMENT_MATRIX.md for FK/soft-reference classification).
entitlement_change_requests,quote_amount_minor,bigint,OPERATIONAL_METADATA,"Numeric/boolean operational counter, limit, flag, rate, or version."
entitlement_change_requests,quote_currency_code,char(3),OPERATIONAL_METADATA,Closed-vocabulary status/type/category/currency/market column.
entitlement_change_requests,quote_price_book_version,int unsigned,OPERATIONAL_METADATA,"Numeric/boolean operational counter, limit, flag, rate, or version."
entitlement_change_requests,quoted_at,datetime(3),OPERATIONAL_METADATA,Timestamp.
entitlement_change_requests,quote_expires_at,datetime(3),OPERATIONAL_METADATA,Timestamp.
entitlement_change_requests,decided_by_admin_id,char(36),OPAQUE_IDENTIFIER,Opaque application identifier (see PCA_RELATIONSHIP_ENFORCEMENT_MATRIX.md for FK/soft-reference classification).
entitlement_change_requests,decision_reason,varchar(255),OPERATIONAL_METADATA,"Admin-authored free-text business-process justification (always paired with a *_by_admin_id column) — never child/family personal content, but genuinely free-text; see PCA_CANONICAL_SCHEMA_REPORT.md caveat."
entitlement_change_requests,created_at,datetime(3),OPERATIONAL_METADATA,Timestamp.
entitlement_change_requests,updated_at,datetime(3),OPERATIONAL_METADATA,Timestamp.
entitlement_defaults,tier,varchar(32),OPERATIONAL_METADATA,Closed-vocabulary plan tier code.
entitlement_defaults,parent_member_limit,int,OPERATIONAL_METADATA,"Numeric/boolean operational counter, limit, flag, rate, or version."
entitlement_defaults,managed_device_limit,int,OPERATIONAL_METADATA,"Numeric/boolean operational counter, limit, flag, rate, or version."
entitlement_defaults,updated_at,datetime(3),OPERATIONAL_METADATA,Timestamp.
entitlement_defaults,updated_by_admin_id,char(36),OPAQUE_IDENTIFIER,Opaque application identifier (see PCA_RELATIONSHIP_ENFORCEMENT_MATRIX.md for FK/soft-reference classification).
envelope_data_version_ledger,sender_key_id,varchar(128),OPAQUE_IDENTIFIER,Opaque application identifier (see PCA_RELATIONSHIP_ENFORCEMENT_MATRIX.md for FK/soft-reference classification).
envelope_data_version_ledger,family_id,varchar(128),OPAQUE_IDENTIFIER,Opaque application identifier (see PCA_RELATIONSHIP_ENFORCEMENT_MATRIX.md for FK/soft-reference classification).
envelope_data_version_ledger,last_accepted_version,varchar(32),OPERATIONAL_METADATA,"Numeric/boolean operational counter, limit, flag, rate, or version."
envelope_data_version_ledger,updated_at,datetime(3),OPERATIONAL_METADATA,Timestamp.
envelope_message_idempotency_ledger,id,bigint unsigned,OPERATIONAL_METADATA,"Numeric/boolean operational counter, limit, flag, rate, or version."
envelope_message_idempotency_ledger,family_id,varchar(128),OPAQUE_IDENTIFIER,Opaque application identifier (see PCA_RELATIONSHIP_ENFORCEMENT_MATRIX.md for FK/soft-reference classification).
envelope_message_idempotency_ledger,message_id,varchar(128),OPAQUE_IDENTIFIER,"Opaque bounded application identifier, not message content."
envelope_message_idempotency_ledger,canonical_bytes,mediumblob,ENCRYPTED_PAYLOAD,"Opaque canonical envelope bytes (migration 0002): authenticated-encrypted payload, never plaintext."
envelope_message_idempotency_ledger,recorded_at,datetime(3),OPERATIONAL_METADATA,Timestamp.
envelope_replay_ledger,id,bigint unsigned,OPERATIONAL_METADATA,"Numeric/boolean operational counter, limit, flag, rate, or version."
envelope_replay_ledger,family_id,varchar(128),OPAQUE_IDENTIFIER,Opaque application identifier (see PCA_RELATIONSHIP_ENFORCEMENT_MATRIX.md for FK/soft-reference classification).
envelope_replay_ledger,sender_key_id,varchar(128),OPAQUE_IDENTIFIER,Opaque application identifier (see PCA_RELATIONSHIP_ENFORCEMENT_MATRIX.md for FK/soft-reference classification).
envelope_replay_ledger,sequence_or_nonce,varchar(128),SECURITY_METADATA,Anti-replay sequence/nonce value.
envelope_replay_ledger,recorded_at,datetime(3),OPERATIONAL_METADATA,Timestamp.
eye_protection_settings,child_profile_id,varchar(128),OPAQUE_IDENTIFIER,Opaque application identifier (see PCA_RELATIONSHIP_ENFORCEMENT_MATRIX.md for FK/soft-reference classification).
eye_protection_settings,family_id,varchar(128),OPAQUE_IDENTIFIER,Opaque application identifier (see PCA_RELATIONSHIP_ENFORCEMENT_MATRIX.md for FK/soft-reference classification).
eye_protection_settings,reminders_enabled,tinyint(1),READABLE_PARENT_DATA,Parent-set boolean preference (migration 0032); no sensor/distance/proximity data.
eye_protection_settings,updated_at,datetime(6),OPERATIONAL_METADATA,Timestamp.
families,family_id,char(36),OPAQUE_IDENTIFIER,Opaque application identifier (see PCA_RELATIONSHIP_ENFORCEMENT_MATRIX.md for FK/soft-reference classification).
families,family_reference_hash,varbinary(255),SECURITY_METADATA,"Authentication/verification/integrity hash material, never a raw secret or raw identifying value."
families,status,varchar(16),OPERATIONAL_METADATA,Closed-vocabulary status/type/category/currency/market column.
families,created_at,datetime(3),OPERATIONAL_METADATA,Timestamp.
families,deleted_at,datetime(3),OPERATIONAL_METADATA,Timestamp.
families,suspended_at,datetime(3),OPERATIONAL_METADATA,Timestamp.
families,suspended_by_admin_id,char(36),OPAQUE_IDENTIFIER,Opaque application identifier (see PCA_RELATIONSHIP_ENFORCEMENT_MATRIX.md for FK/soft-reference classification).
families,suspension_reason,varchar(500),OPERATIONAL_METADATA,"Admin-authored free-text business-process justification (always paired with a *_by_admin_id column) — never child/family personal content, but genuinely free-text; see PCA_CANONICAL_SCHEMA_REPORT.md caveat."
family_audit_events,envelope_id,varchar(200),OPAQUE_IDENTIFIER,Opaque application identifier (see PCA_RELATIONSHIP_ENFORCEMENT_MATRIX.md for FK/soft-reference classification).
family_audit_events,family_id,varchar(128),OPAQUE_IDENTIFIER,Opaque application identifier (see PCA_RELATIONSHIP_ENFORCEMENT_MATRIX.md for FK/soft-reference classification).
family_audit_events,parent_device_id,varchar(200),OPAQUE_IDENTIFIER,Opaque application identifier (see PCA_RELATIONSHIP_ENFORCEMENT_MATRIX.md for FK/soft-reference classification).
family_audit_events,key_epoch,int unsigned,OPERATIONAL_METADATA,"Numeric/boolean operational counter, limit, flag, rate, or version."
family_audit_events,generated_at_utc,datetime(3),OPERATIONAL_METADATA,Timestamp.
family_audit_events,encrypted_payload_b64,mediumtext,ENCRYPTED_PAYLOAD,Opaque ciphertext (migration 0028): never a readable actionType/targetScope/reasonCategory value server-side.
family_audit_events,nonce_b64,varchar(64),SECURITY_METADATA,AEAD nonce for the ciphertext column.
family_audit_events,expires_at,datetime(3),OPERATIONAL_METADATA,Timestamp.
family_authority_attestations,family_id,varchar(128),OPAQUE_IDENTIFIER,Opaque application identifier (see PCA_RELATIONSHIP_ENFORCEMENT_MATRIX.md for FK/soft-reference classification).
family_authority_attestations,attestation_id,char(64),OPAQUE_IDENTIFIER,Opaque application identifier (see PCA_RELATIONSHIP_ENFORCEMENT_MATRIX.md for FK/soft-reference classification).
family_authority_attestations,attestation_revision,int unsigned,OPERATIONAL_METADATA,"Numeric/boolean operational counter, limit, flag, rate, or version."
family_authority_attestations,owner_device_id,char(36),OPAQUE_IDENTIFIER,Opaque application identifier (see PCA_RELATIONSHIP_ENFORCEMENT_MATRIX.md for FK/soft-reference classification).
family_authority_attestations,owner_dsk_key_id,char(36),OPAQUE_IDENTIFIER,Opaque application identifier (see PCA_RELATIONSHIP_ENFORCEMENT_MATRIX.md for FK/soft-reference classification).
family_authority_attestations,owner_dsk_public_key,varchar(128),SECURITY_METADATA,Public signing key material (never private).
family_authority_attestations,trust_set_epoch,int unsigned,OPERATIONAL_METADATA,"Numeric/boolean operational counter, limit, flag, rate, or version."
family_authority_attestations,key_epoch,int unsigned,OPERATIONAL_METADATA,"Numeric/boolean operational counter, limit, flag, rate, or version."
family_authority_attestations,issued_at,datetime(3),OPERATIONAL_METADATA,Timestamp.
family_authority_attestations,expires_at,datetime(3),OPERATIONAL_METADATA,Timestamp.
family_authority_attestations,previous_attestation_id,char(64),OPAQUE_IDENTIFIER,Opaque application identifier (see PCA_RELATIONSHIP_ENFORCEMENT_MATRIX.md for FK/soft-reference classification).
family_authority_attestations,signer_device_id,char(36),OPAQUE_IDENTIFIER,Opaque application identifier (see PCA_RELATIONSHIP_ENFORCEMENT_MATRIX.md for FK/soft-reference classification).
family_authority_attestations,signer_dsk_key_id,char(36),OPAQUE_IDENTIFIER,Opaque application identifier (see PCA_RELATIONSHIP_ENFORCEMENT_MATRIX.md for FK/soft-reference classification).
family_authority_attestations,signer_dsk_public_key,varchar(128),SECURITY_METADATA,Public signing key material (never private).
family_authority_attestations,signature,varchar(512),SECURITY_METADATA,"Cryptographic signature, opaque to the schema."
family_authority_chain_heads,family_id,varchar(128),OPAQUE_IDENTIFIER,Opaque application identifier (see PCA_RELATIONSHIP_ENFORCEMENT_MATRIX.md for FK/soft-reference classification).
family_authority_chain_heads,head_attestation_id,char(64),OPAQUE_IDENTIFIER,Opaque application identifier (see PCA_RELATIONSHIP_ENFORCEMENT_MATRIX.md for FK/soft-reference classification).
family_authority_chain_heads,head_revision,int unsigned,OPERATIONAL_METADATA,"Numeric/boolean operational counter, limit, flag, rate, or version."
family_authority_chain_heads,status,varchar(16),OPERATIONAL_METADATA,Closed-vocabulary status/type/category/currency/market column.
family_authority_chain_heads,updated_at,datetime(3),OPERATIONAL_METADATA,Timestamp.
family_authority_genesis_anchors,family_id,varchar(128),OPAQUE_IDENTIFIER,Opaque application identifier (see PCA_RELATIONSHIP_ENFORCEMENT_MATRIX.md for FK/soft-reference classification).
family_authority_genesis_anchors,genesis_device_id,char(36),OPAQUE_IDENTIFIER,Opaque application identifier (see PCA_RELATIONSHIP_ENFORCEMENT_MATRIX.md for FK/soft-reference classification).
family_authority_genesis_anchors,genesis_dsk_key_id,char(36),OPAQUE_IDENTIFIER,Opaque application identifier (see PCA_RELATIONSHIP_ENFORCEMENT_MATRIX.md for FK/soft-reference classification).
family_authority_genesis_anchors,genesis_dsk_public_key,varchar(128),SECURITY_METADATA,Public signing key material (never private).
family_authority_genesis_anchors,protocol_version,smallint unsigned,OPERATIONAL_METADATA,"Numeric/boolean operational counter, limit, flag, rate, or version."
family_authority_genesis_anchors,created_at,datetime(3),OPERATIONAL_METADATA,Timestamp.
family_authority_genesis_anchors,signature,varchar(512),SECURITY_METADATA,"Cryptographic self-signature, opaque to the schema."
family_child_memberships,child_profile_id,varchar(128),OPAQUE_IDENTIFIER,"Server-minted UUID, membership/existence edge only (migration 0036 / doc 10 Section 7.1) -- never a ChildProfile record."
family_child_memberships,family_id,varchar(128),OPAQUE_IDENTIFIER,Opaque application identifier (see PCA_RELATIONSHIP_ENFORCEMENT_MATRIX.md for FK/soft-reference classification).
family_child_memberships,creation_request_key,varchar(191),OPAQUE_IDENTIFIER,"Caller-supplied idempotency key, never used as row identity."
family_child_memberships,created_at,datetime(3),OPERATIONAL_METADATA,Timestamp.
family_member_invitations,invitation_id,char(36),OPAQUE_IDENTIFIER,Opaque application identifier (see PCA_RELATIONSHIP_ENFORCEMENT_MATRIX.md for FK/soft-reference classification).
family_member_invitations,family_id,char(36),OPAQUE_IDENTIFIER,Opaque application identifier (see PCA_RELATIONSHIP_ENFORCEMENT_MATRIX.md for FK/soft-reference classification).
family_member_invitations,invited_email_hash,binary(32),SECURITY_METADATA,"Authentication/verification/integrity hash material, never a raw secret or raw identifying value."
family_member_invitations,role,varchar(16),OPERATIONAL_METADATA,Closed-vocabulary status/type/category/currency/market column.
family_member_invitations,status,varchar(16),OPERATIONAL_METADATA,Closed-vocabulary status/type/category/currency/market column.
family_member_invitations,invited_by_account_id,char(36),OPAQUE_IDENTIFIER,Opaque application identifier (see PCA_RELATIONSHIP_ENFORCEMENT_MATRIX.md for FK/soft-reference classification).
family_member_invitations,created_at,datetime(3),OPERATIONAL_METADATA,Timestamp.
family_member_invitations,expires_at,datetime(3),OPERATIONAL_METADATA,Timestamp.
family_member_invitations,accepted_at,datetime(3),OPERATIONAL_METADATA,Timestamp.
family_member_invitations,expired_at,datetime(3),OPERATIONAL_METADATA,Timestamp.
family_member_invitations,revoked_at,datetime(3),OPERATIONAL_METADATA,Timestamp.
family_member_invitations,accepted_by_account_id,char(36),OPAQUE_IDENTIFIER,Opaque application identifier (see PCA_RELATIONSHIP_ENFORCEMENT_MATRIX.md for FK/soft-reference classification).
family_member_invitations,pending_invited_email_hash,binary(32),SECURITY_METADATA,"Authentication/verification/integrity hash material, never a raw secret or raw identifying value."
family_rbac_policy_config,family_id,char(36),OPAQUE_IDENTIFIER,Opaque application identifier (see PCA_RELATIONSHIP_ENFORCEMENT_MATRIX.md for FK/soft-reference classification).
family_rbac_policy_config,administrator_can_manage_viewers,tinyint(1),OPERATIONAL_METADATA,"Numeric/boolean operational counter, limit, flag, rate, or version."
family_rbac_policy_config,administrator_can_revoke_device_or_disable_protection,tinyint(1),OPERATIONAL_METADATA,"Numeric/boolean operational counter, limit, flag, rate, or version."
family_rbac_policy_config,updated_at,datetime(3),OPERATIONAL_METADATA,Timestamp.
licenses,license_id,char(36),OPAQUE_IDENTIFIER,Opaque application identifier (see PCA_RELATIONSHIP_ENFORCEMENT_MATRIX.md for FK/soft-reference classification).
licenses,account_id,char(36),OPAQUE_IDENTIFIER,Opaque application identifier (see PCA_RELATIONSHIP_ENFORCEMENT_MATRIX.md for FK/soft-reference classification).
licenses,license_reference_hash,varbinary(255),SECURITY_METADATA,"Authentication/verification/integrity hash material, never a raw secret or raw identifying value."
licenses,status,varchar(16),OPERATIONAL_METADATA,Closed-vocabulary status/type/category/currency/market column.
licenses,created_at,datetime(3),OPERATIONAL_METADATA,Timestamp.
licenses,expires_at,datetime(3),OPERATIONAL_METADATA,Timestamp.
managed_device_slot_reservations,reservation_id,char(36),OPAQUE_IDENTIFIER,Opaque application identifier (see PCA_RELATIONSHIP_ENFORCEMENT_MATRIX.md for FK/soft-reference classification).
managed_device_slot_reservations,family_id,varchar(128),OPAQUE_IDENTIFIER,Opaque application identifier (see PCA_RELATIONSHIP_ENFORCEMENT_MATRIX.md for FK/soft-reference classification).
managed_device_slot_reservations,invitation_id,char(36),OPAQUE_IDENTIFIER,Opaque application identifier (see PCA_RELATIONSHIP_ENFORCEMENT_MATRIX.md for FK/soft-reference classification).
managed_device_slot_reservations,status,varchar(16),OPERATIONAL_METADATA,Closed-vocabulary status/type/category/currency/market column.
managed_device_slot_reservations,created_at,datetime(3),OPERATIONAL_METADATA,Timestamp.
managed_device_slot_reservations,expires_at,datetime(3),OPERATIONAL_METADATA,Timestamp.
managed_device_slot_reservations,consumed_at,datetime(3),OPERATIONAL_METADATA,Timestamp.
managed_device_slot_reservations,released_at,datetime(3),OPERATIONAL_METADATA,Timestamp.
managed_device_slot_reservations,release_reason,varchar(24),OPERATIONAL_METADATA,"Admin-authored free-text business-process justification (always paired with a *_by_admin_id column) — never child/family personal content, but genuinely free-text; see PCA_CANONICAL_SCHEMA_REPORT.md caveat."
parent_account_preferences,account_id,varchar(64),OPAQUE_IDENTIFIER,Opaque application identifier (see PCA_RELATIONSHIP_ENFORCEMENT_MATRIX.md for FK/soft-reference classification).
parent_account_preferences,language_code,varchar(2),READABLE_PARENT_DATA,Parent's own UI language preference.
parent_account_preferences,email_alerts_enabled,tinyint(1),OPERATIONAL_METADATA,"Numeric/boolean operational counter, limit, flag, rate, or version."
parent_account_preferences,push_requests_enabled,tinyint(1),OPERATIONAL_METADATA,"Numeric/boolean operational counter, limit, flag, rate, or version."
parent_account_preferences,email_destination,varchar(320),READABLE_PARENT_DATA,Parent's own controlled-email destination address (migration 0020's PCA-FR-094).
parent_account_preferences,email_destination_state,varchar(16),OPERATIONAL_METADATA,Closed-vocabulary status/type/category/currency/market column.
parent_account_preferences,updated_at,datetime(6),OPERATIONAL_METADATA,Timestamp.
parent_accounts,account_id,char(36),OPAQUE_IDENTIFIER,Opaque application identifier (see PCA_RELATIONSHIP_ENFORCEMENT_MATRIX.md for FK/soft-reference classification).
parent_accounts,email_hash,binary(32),SECURITY_METADATA,"Authentication/verification/integrity hash material, never a raw secret or raw identifying value."
parent_accounts,password_hash,varchar(255),ACCOUNT_AUTH,Password/credential material.
parent_accounts,status,varchar(24),OPERATIONAL_METADATA,Closed-vocabulary status/type/category/currency/market column.
parent_accounts,family_id,char(36),OPAQUE_IDENTIFIER,Opaque application identifier (see PCA_RELATIONSHIP_ENFORCEMENT_MATRIX.md for FK/soft-reference classification).
parent_accounts,service_account_id,char(36),OPAQUE_IDENTIFIER,Opaque application identifier (see PCA_RELATIONSHIP_ENFORCEMENT_MATRIX.md for FK/soft-reference classification).
parent_accounts,free_access_mode,varchar(16),OPERATIONAL_METADATA,Closed-vocabulary status/type/category/currency/market column.
parent_accounts,free_access_duration_days,int,OPERATIONAL_METADATA,"Numeric/boolean operational counter, limit, flag, rate, or version."
parent_accounts,free_access_started_at,datetime(3),OPERATIONAL_METADATA,Timestamp.
parent_accounts,free_access_expires_at,datetime(3),OPERATIONAL_METADATA,Timestamp.
parent_accounts,default_parent_member_limit,int,OPERATIONAL_METADATA,"Numeric/boolean operational counter, limit, flag, rate, or version."
parent_accounts,default_managed_device_limit,int,OPERATIONAL_METADATA,"Numeric/boolean operational counter, limit, flag, rate, or version."
parent_accounts,created_at,datetime(3),OPERATIONAL_METADATA,Timestamp.
parent_accounts,verified_at,datetime(3),OPERATIONAL_METADATA,Timestamp.
parent_accounts,disabled_at,datetime(3),OPERATIONAL_METADATA,Timestamp.
parent_email_verification_codes,code_id,char(36),OPAQUE_IDENTIFIER,Opaque application identifier (see PCA_RELATIONSHIP_ENFORCEMENT_MATRIX.md for FK/soft-reference classification).
parent_email_verification_codes,account_id,char(36),OPAQUE_IDENTIFIER,Opaque application identifier (see PCA_RELATIONSHIP_ENFORCEMENT_MATRIX.md for FK/soft-reference classification).
parent_email_verification_codes,code_hash,char(64),SECURITY_METADATA,"Authentication/verification/integrity hash material, never a raw secret or raw identifying value."
parent_email_verification_codes,password_hash,varchar(255),ACCOUNT_AUTH,Password/credential material.
parent_email_verification_codes,created_at,datetime(3),OPERATIONAL_METADATA,Timestamp.
parent_email_verification_codes,expires_at,datetime(3),OPERATIONAL_METADATA,Timestamp.
parent_email_verification_codes,consumed_at,datetime(3),OPERATIONAL_METADATA,Timestamp.
parent_email_verification_codes,attempt_count,int,OPERATIONAL_METADATA,"Numeric/boolean operational counter, limit, flag, rate, or version."
parent_password_reset_codes,code_id,char(36),OPAQUE_IDENTIFIER,Opaque application identifier (see PCA_RELATIONSHIP_ENFORCEMENT_MATRIX.md for FK/soft-reference classification).
parent_password_reset_codes,account_id,char(36),OPAQUE_IDENTIFIER,Opaque application identifier (see PCA_RELATIONSHIP_ENFORCEMENT_MATRIX.md for FK/soft-reference classification).
parent_password_reset_codes,code_hash,char(64),SECURITY_METADATA,"Authentication/verification/integrity hash material, never a raw secret or raw identifying value."
parent_password_reset_codes,created_at,datetime(3),OPERATIONAL_METADATA,Timestamp.
parent_password_reset_codes,expires_at,datetime(3),OPERATIONAL_METADATA,Timestamp.
parent_password_reset_codes,consumed_at,datetime(3),OPERATIONAL_METADATA,Timestamp.
parent_password_reset_codes,attempt_count,int,OPERATIONAL_METADATA,"Numeric/boolean operational counter, limit, flag, rate, or version."
platform_admin_accounts,admin_id,char(36),OPAQUE_IDENTIFIER,Opaque application identifier (see PCA_RELATIONSHIP_ENFORCEMENT_MATRIX.md for FK/soft-reference classification).
platform_admin_accounts,email_hash,varbinary(32),SECURITY_METADATA,"Authentication/verification/integrity hash material, never a raw secret or raw identifying value."
platform_admin_accounts,display_name,varchar(128),OTHER,Platform Admin staff member's own chosen display name -- not a parent or child; not central child/family data.
platform_admin_accounts,password_credential,varchar(255),ACCOUNT_AUTH,Password/credential material.
platform_admin_accounts,status,varchar(16),OPERATIONAL_METADATA,Closed-vocabulary status/type/category/currency/market column.
platform_admin_accounts,created_at,datetime(3),OPERATIONAL_METADATA,Timestamp.
platform_admin_accounts,disabled_at,datetime(3),OPERATIONAL_METADATA,Timestamp.
platform_admin_audit_events,event_id,char(36),OPAQUE_IDENTIFIER,Opaque application identifier (see PCA_RELATIONSHIP_ENFORCEMENT_MATRIX.md for FK/soft-reference classification).
platform_admin_audit_events,event_type,varchar(40),OPERATIONAL_METADATA,Closed-vocabulary status/type/category/currency/market column.
platform_admin_audit_events,actor_admin_id,char(36),OPAQUE_IDENTIFIER,Opaque application identifier (see PCA_RELATIONSHIP_ENFORCEMENT_MATRIX.md for FK/soft-reference classification).
platform_admin_audit_events,actor_role,varchar(32),OPERATIONAL_METADATA,Closed-vocabulary status/type/category/currency/market column.
platform_admin_audit_events,target_ref,varchar(128),OPAQUE_IDENTIFIER,Opaque application identifier (see PCA_RELATIONSHIP_ENFORCEMENT_MATRIX.md for FK/soft-reference classification).
platform_admin_audit_events,result,varchar(16),OPERATIONAL_METADATA,Closed-vocabulary status/type/category/currency/market column.
platform_admin_audit_events,occurred_at,datetime(3),OPERATIONAL_METADATA,Timestamp.
platform_admin_audit_events,correlation_id,char(36),OPAQUE_IDENTIFIER,Opaque application identifier (see PCA_RELATIONSHIP_ENFORCEMENT_MATRIX.md for FK/soft-reference classification).
platform_admin_audit_events,metadata_json,json,OPERATIONAL_METADATA,Platform Admin internal structured JSON (audit metadata / settings value) — not schema-constrained; see PCA_CANONICAL_SCHEMA_REPORT.md caveat.
platform_admin_login_attempts,attempt_id,char(36),OPAQUE_IDENTIFIER,Opaque application identifier (see PCA_RELATIONSHIP_ENFORCEMENT_MATRIX.md for FK/soft-reference classification).
platform_admin_login_attempts,email_hash,varbinary(32),SECURITY_METADATA,"Authentication/verification/integrity hash material, never a raw secret or raw identifying value."
platform_admin_login_attempts,outcome,varchar(20),OPERATIONAL_METADATA,Closed-vocabulary status/type/category/currency/market column.
platform_admin_login_attempts,occurred_at,datetime(3),OPERATIONAL_METADATA,Timestamp.
platform_admin_mfa_state,admin_id,char(36),OPAQUE_IDENTIFIER,Opaque application identifier (see PCA_RELATIONSHIP_ENFORCEMENT_MATRIX.md for FK/soft-reference classification).
platform_admin_mfa_state,status,varchar(16),OPERATIONAL_METADATA,Closed-vocabulary status/type/category/currency/market column.
platform_admin_mfa_state,totp_secret_ciphertext,varbinary(255),SECURITY_METADATA,"Authentication/verification/integrity hash material, never a raw secret or raw identifying value."
platform_admin_mfa_state,totp_secret_nonce,varbinary(16),SECURITY_METADATA,"Authentication/verification/integrity hash material, never a raw secret or raw identifying value."
platform_admin_mfa_state,activated_at,datetime(3),OPERATIONAL_METADATA,Timestamp.
platform_admin_mfa_state,created_at,datetime(3),OPERATIONAL_METADATA,Timestamp.
platform_admin_mfa_state,last_accepted_totp_counter,bigint,SECURITY_METADATA,"Authentication/verification/integrity hash material, never a raw secret or raw identifying value."
platform_admin_role_assignments,assignment_id,char(36),OPAQUE_IDENTIFIER,Opaque application identifier (see PCA_RELATIONSHIP_ENFORCEMENT_MATRIX.md for FK/soft-reference classification).
platform_admin_role_assignments,admin_id,char(36),OPAQUE_IDENTIFIER,Opaque application identifier (see PCA_RELATIONSHIP_ENFORCEMENT_MATRIX.md for FK/soft-reference classification).
platform_admin_role_assignments,role,varchar(32),OPERATIONAL_METADATA,Closed-vocabulary status/type/category/currency/market column.
platform_admin_role_assignments,granted_at,datetime(3),OPERATIONAL_METADATA,Timestamp.
platform_admin_role_assignments,revoked_at,datetime(3),OPERATIONAL_METADATA,Timestamp.
platform_admin_role_assignments,granted_by_admin_id,char(36),OPAQUE_IDENTIFIER,Opaque application identifier (see PCA_RELATIONSHIP_ENFORCEMENT_MATRIX.md for FK/soft-reference classification).
platform_admin_role_assignments,active_role_marker,varchar(32),OPERATIONAL_METADATA,"Uniqueness-marker value (supports 'at most one active role per admin'-style partial-unique index), not personal data."
platform_admin_security_alerts,alert_id,char(36),OPAQUE_IDENTIFIER,Opaque application identifier (see PCA_RELATIONSHIP_ENFORCEMENT_MATRIX.md for FK/soft-reference classification).
platform_admin_security_alerts,recipient_admin_id,char(36),OPAQUE_IDENTIFIER,Opaque application identifier (see PCA_RELATIONSHIP_ENFORCEMENT_MATRIX.md for FK/soft-reference classification).
platform_admin_security_alerts,source_admin_id,char(36),OPAQUE_IDENTIFIER,Opaque application identifier (see PCA_RELATIONSHIP_ENFORCEMENT_MATRIX.md for FK/soft-reference classification).
platform_admin_security_alerts,kind,varchar(20),OPERATIONAL_METADATA,Closed-vocabulary status/type/category/currency/market column.
platform_admin_security_alerts,occurred_at,datetime(3),OPERATIONAL_METADATA,Timestamp.
platform_admin_security_alerts,correlation_id,char(36),OPAQUE_IDENTIFIER,Opaque application identifier (see PCA_RELATIONSHIP_ENFORCEMENT_MATRIX.md for FK/soft-reference classification).
platform_admin_security_alerts,delivery_state,varchar(16),OPERATIONAL_METADATA,Closed-vocabulary status/type/category/currency/market column.
platform_admin_security_alerts,delivered_at,datetime(3),OPERATIONAL_METADATA,Timestamp.
platform_admin_sessions,session_id,char(36),OPAQUE_IDENTIFIER,Opaque application identifier (see PCA_RELATIONSHIP_ENFORCEMENT_MATRIX.md for FK/soft-reference classification).
platform_admin_sessions,admin_id,char(36),OPAQUE_IDENTIFIER,Opaque application identifier (see PCA_RELATIONSHIP_ENFORCEMENT_MATRIX.md for FK/soft-reference classification).
platform_admin_sessions,token_hash,char(64),SECURITY_METADATA,"Authentication/verification/integrity hash material, never a raw secret or raw identifying value."
platform_admin_sessions,realm,varchar(24),OPERATIONAL_METADATA,Closed-vocabulary status/type/category/currency/market column.
platform_admin_sessions,issued_at,datetime(3),OPERATIONAL_METADATA,Timestamp.
platform_admin_sessions,expires_at,datetime(3),OPERATIONAL_METADATA,Timestamp.
platform_admin_sessions,revoked_at,datetime(3),OPERATIONAL_METADATA,Timestamp.
platform_admin_settings,setting_key,varchar(128),OPAQUE_IDENTIFIER,Name/key of a Platform Admin setting.
platform_admin_settings,category,varchar(32),OPERATIONAL_METADATA,Closed-vocabulary settings category.
platform_admin_settings,value_json,text,OPERATIONAL_METADATA,Platform Admin internal structured JSON (audit metadata / settings value) — not schema-constrained; see PCA_CANONICAL_SCHEMA_REPORT.md caveat.
platform_admin_settings,is_sensitive,tinyint(1),OPERATIONAL_METADATA,"Numeric/boolean operational counter, limit, flag, rate, or version."
platform_admin_settings,masked_display,varchar(128),READABLE_PARENT_DATA,"Parent-visible billing/display label (e.g. invoice line description, masked card label) — not child/family activity content."
platform_admin_settings,updated_at,datetime(3),OPERATIONAL_METADATA,Timestamp.
platform_admin_settings,updated_by_admin_id,char(36),OPAQUE_IDENTIFIER,Opaque application identifier (see PCA_RELATIONSHIP_ENFORCEMENT_MATRIX.md for FK/soft-reference classification).
platform_admin_step_up_sessions,step_up_id,char(36),OPAQUE_IDENTIFIER,Opaque application identifier (see PCA_RELATIONSHIP_ENFORCEMENT_MATRIX.md for FK/soft-reference classification).
platform_admin_step_up_sessions,admin_id,char(36),OPAQUE_IDENTIFIER,Opaque application identifier (see PCA_RELATIONSHIP_ENFORCEMENT_MATRIX.md for FK/soft-reference classification).
platform_admin_step_up_sessions,session_id,char(36),OPAQUE_IDENTIFIER,Opaque application identifier (see PCA_RELATIONSHIP_ENFORCEMENT_MATRIX.md for FK/soft-reference classification).
platform_admin_step_up_sessions,scope,varchar(40),OPERATIONAL_METADATA,Closed-vocabulary status/type/category/currency/market column.
platform_admin_step_up_sessions,asserted_at,datetime(3),OPERATIONAL_METADATA,Timestamp.
platform_admin_step_up_sessions,expires_at,datetime(3),OPERATIONAL_METADATA,Timestamp.
platform_admin_step_up_sessions,consumed_at,datetime(3),OPERATIONAL_METADATA,Timestamp.
protection_alerts,alert_id,varchar(200),OPAQUE_IDENTIFIER,Opaque application identifier (see PCA_RELATIONSHIP_ENFORCEMENT_MATRIX.md for FK/soft-reference classification).
protection_alerts,family_id,varchar(128),OPAQUE_IDENTIFIER,Opaque application identifier (see PCA_RELATIONSHIP_ENFORCEMENT_MATRIX.md for FK/soft-reference classification).
protection_alerts,device_id,varchar(200),OPAQUE_IDENTIFIER,Opaque application identifier (see PCA_RELATIONSHIP_ENFORCEMENT_MATRIX.md for FK/soft-reference classification).
protection_alerts,parent_device_id,varchar(200),OPAQUE_IDENTIFIER,Opaque application identifier (see PCA_RELATIONSHIP_ENFORCEMENT_MATRIX.md for FK/soft-reference classification).
protection_alerts,trigger_type,varchar(32),OPERATIONAL_METADATA,Closed-vocabulary status/type/category/currency/market column.
protection_alerts,key_epoch,int unsigned,OPERATIONAL_METADATA,"Numeric/boolean operational counter, limit, flag, rate, or version."
protection_alerts,generated_at_utc,datetime(3),OPERATIONAL_METADATA,Timestamp.
protection_alerts,encrypted_payload_b64,mediumtext,ENCRYPTED_PAYLOAD,Opaque ciphertext (migration 0025): no acknowledge/decrypt/plaintext-read operation exists server-side.
protection_alerts,nonce_b64,varchar(64),SECURITY_METADATA,AEAD nonce for the ciphertext column.
protection_alerts,expires_at,datetime(3),OPERATIONAL_METADATA,Timestamp.
recovery_envelopes,family_id,varchar(128),OPAQUE_IDENTIFIER,Opaque application identifier (see PCA_RELATIONSHIP_ENFORCEMENT_MATRIX.md for FK/soft-reference classification).
recovery_envelopes,ciphertext,mediumblob,ENCRYPTED_PAYLOAD,"Opaque recovery envelope payload, never plaintext family/child content."
recovery_envelopes,version,int unsigned,OPERATIONAL_METADATA,"Numeric/boolean operational counter, limit, flag, rate, or version."
recovery_envelopes,created_at,datetime(3),OPERATIONAL_METADATA,Timestamp.
recovery_envelopes,updated_at,datetime(3),OPERATIONAL_METADATA,Timestamp.
relay_envelopes,message_id,varchar(128),OPAQUE_IDENTIFIER,"Opaque bounded application identifier (migration 0001 TYPE DECISIONS), not message content."
relay_envelopes,family_id,varchar(128),OPAQUE_IDENTIFIER,Opaque application identifier (see PCA_RELATIONSHIP_ENFORCEMENT_MATRIX.md for FK/soft-reference classification).
relay_envelopes,sender_device_id,varchar(128),OPAQUE_IDENTIFIER,Opaque application identifier (see PCA_RELATIONSHIP_ENFORCEMENT_MATRIX.md for FK/soft-reference classification).
relay_envelopes,recipient_device_id,varchar(128),OPAQUE_IDENTIFIER,Opaque application identifier (see PCA_RELATIONSHIP_ENFORCEMENT_MATRIX.md for FK/soft-reference classification).
relay_envelopes,ciphertext,mediumblob,ENCRYPTED_PAYLOAD,Opaque encrypted/binary payload.
relay_envelopes,state,varchar(16),OPERATIONAL_METADATA,Closed-vocabulary status/type/category/currency/market column.
relay_envelopes,created_at,datetime(3),OPERATIONAL_METADATA,Timestamp.
relay_envelopes,expires_at,datetime(3),OPERATIONAL_METADATA,Timestamp.
relay_envelopes,acknowledged_at,datetime(3),OPERATIONAL_METADATA,Timestamp.
release_current_pointers,package_type,varchar(32),OPERATIONAL_METADATA,Closed-vocabulary status/type/category/currency/market column.
release_current_pointers,platform,varchar(16),OPERATIONAL_METADATA,Closed-vocabulary status/type/category/currency/market column.
release_current_pointers,version,varchar(32),OPERATIONAL_METADATA,"Numeric/boolean operational counter, limit, flag, rate, or version."
release_current_pointers,version_major,int unsigned,OPERATIONAL_METADATA,"Numeric/boolean operational counter, limit, flag, rate, or version."
release_current_pointers,version_minor,int unsigned,OPERATIONAL_METADATA,"Numeric/boolean operational counter, limit, flag, rate, or version."
release_current_pointers,version_patch,int unsigned,OPERATIONAL_METADATA,"Numeric/boolean operational counter, limit, flag, rate, or version."
release_current_pointers,is_explicit_rollback,tinyint(1),OPERATIONAL_METADATA,"Numeric/boolean operational counter, limit, flag, rate, or version."
release_current_pointers,updated_at,datetime(3),OPERATIONAL_METADATA,Timestamp.
release_packages,release_id,varchar(256),OPAQUE_IDENTIFIER,Opaque application identifier (see PCA_RELATIONSHIP_ENFORCEMENT_MATRIX.md for FK/soft-reference classification).
release_packages,package_type,varchar(32),OPERATIONAL_METADATA,Closed-vocabulary status/type/category/currency/market column.
release_packages,platform,varchar(16),OPERATIONAL_METADATA,Closed-vocabulary status/type/category/currency/market column.
release_packages,version,varchar(32),OPERATIONAL_METADATA,"Numeric/boolean operational counter, limit, flag, rate, or version."
release_packages,artifact_digest,char(64),SECURITY_METADATA,"Authentication/verification/integrity hash material, never a raw secret or raw identifying value."
release_packages,artifact_size_bytes,bigint unsigned,OPERATIONAL_METADATA,"Numeric/boolean operational counter, limit, flag, rate, or version."
release_packages,signing_key_id,varchar(128),OPAQUE_IDENTIFIER,Opaque application identifier (see PCA_RELATIONSHIP_ENFORCEMENT_MATRIX.md for FK/soft-reference classification).
release_packages,signed_metadata,mediumblob,ENCRYPTED_PAYLOAD,Opaque encrypted/binary payload.
release_packages,minimum_supported_version,varchar(32),OPERATIONAL_METADATA,"Numeric/boolean operational counter, limit, flag, rate, or version."
release_packages,state,varchar(16),OPERATIONAL_METADATA,Closed-vocabulary status/type/category/currency/market column.
release_packages,published_at,datetime(3),OPERATIONAL_METADATA,Timestamp.
release_packages,retired_at,datetime(3),OPERATIONAL_METADATA,Timestamp.
safe_zones,zone_id,varchar(64),OPAQUE_IDENTIFIER,Opaque application identifier (see PCA_RELATIONSHIP_ENFORCEMENT_MATRIX.md for FK/soft-reference classification).
safe_zones,family_id,varchar(128),OPAQUE_IDENTIFIER,Opaque application identifier (see PCA_RELATIONSHIP_ENFORCEMENT_MATRIX.md for FK/soft-reference classification).
safe_zones,recipient_endpoint_id,varchar(128),OPAQUE_IDENTIFIER,Opaque application identifier (see PCA_RELATIONSHIP_ENFORCEMENT_MATRIX.md for FK/soft-reference classification).
safe_zones,ciphertext,mediumblob,ENCRYPTED_PAYLOAD,Opaque encrypted payload (migration 0020): must never hold a readable label/coordinate/radius/policy.
safe_zones,nonce,varbinary(64),SECURITY_METADATA,AEAD nonce for the ciphertext column.
safe_zones,key_epoch,int unsigned,OPERATIONAL_METADATA,"Numeric/boolean operational counter, limit, flag, rate, or version."
safe_zones,revision,int unsigned,OPERATIONAL_METADATA,"Numeric/boolean operational counter, limit, flag, rate, or version."
safe_zones,delivery_state,varchar(24),OPERATIONAL_METADATA,Closed-vocabulary status/type/category/currency/market column.
safe_zones,created_at,datetime(6),OPERATIONAL_METADATA,Timestamp.
safe_zones,updated_at,datetime(6),OPERATIONAL_METADATA,Timestamp.
schema_migrations,version,varchar(255),OPERATIONAL_METADATA,"Numeric/boolean operational counter, limit, flag, rate, or version."
schema_migrations,applied_at,datetime(3),OPERATIONAL_METADATA,Timestamp.
security_audit_metadata,event_id,char(36),OPAQUE_IDENTIFIER,Opaque application identifier (see PCA_RELATIONSHIP_ENFORCEMENT_MATRIX.md for FK/soft-reference classification).
security_audit_metadata,event_type,varchar(32),OPERATIONAL_METADATA,Closed-vocabulary status/type/category/currency/market column.
security_audit_metadata,actor_reference_hash,varbinary(255),SECURITY_METADATA,"Authentication/verification/integrity hash material, never a raw secret or raw identifying value."
security_audit_metadata,subject_reference_hash,varbinary(255),SECURITY_METADATA,"Authentication/verification/integrity hash material, never a raw secret or raw identifying value."
security_audit_metadata,correlation_id,char(36),OPAQUE_IDENTIFIER,Opaque application identifier (see PCA_RELATIONSHIP_ENFORCEMENT_MATRIX.md for FK/soft-reference classification).
security_audit_metadata,occurred_at,datetime(3),OPERATIONAL_METADATA,Timestamp.
service_account_family_scopes,account_id,char(36),OPAQUE_IDENTIFIER,Opaque application identifier (see PCA_RELATIONSHIP_ENFORCEMENT_MATRIX.md for FK/soft-reference classification).
service_account_family_scopes,family_id,varchar(128),OPAQUE_IDENTIFIER,Opaque application identifier (see PCA_RELATIONSHIP_ENFORCEMENT_MATRIX.md for FK/soft-reference classification).
service_account_family_scopes,status,varchar(16),OPERATIONAL_METADATA,Closed-vocabulary status/type/category/currency/market column.
service_account_family_scopes,created_at,datetime(3),OPERATIONAL_METADATA,Timestamp.
service_accounts,account_id,char(36),OPAQUE_IDENTIFIER,Opaque application identifier (see PCA_RELATIONSHIP_ENFORCEMENT_MATRIX.md for FK/soft-reference classification).
service_accounts,account_reference_hash,varbinary(255),SECURITY_METADATA,"Authentication/verification/integrity hash material, never a raw secret or raw identifying value."
service_accounts,created_at,datetime(3),OPERATIONAL_METADATA,Timestamp.
service_accounts,disabled_at,datetime(3),OPERATIONAL_METADATA,Timestamp.
service_sessions,session_id,char(36),OPAQUE_IDENTIFIER,Opaque application identifier (see PCA_RELATIONSHIP_ENFORCEMENT_MATRIX.md for FK/soft-reference classification).
service_sessions,account_id,char(36),OPAQUE_IDENTIFIER,Opaque application identifier (see PCA_RELATIONSHIP_ENFORCEMENT_MATRIX.md for FK/soft-reference classification).
service_sessions,token_hash,char(64),SECURITY_METADATA,"Authentication/verification/integrity hash material, never a raw secret or raw identifying value."
service_sessions,issued_at,datetime(3),OPERATIONAL_METADATA,Timestamp.
service_sessions,expires_at,datetime(3),OPERATIONAL_METADATA,Timestamp.
service_sessions,revoked_at,datetime(3),OPERATIONAL_METADATA,Timestamp.
settlement_accounts,settlement_account_id,char(36),OPAQUE_IDENTIFIER,Opaque application identifier (see PCA_RELATIONSHIP_ENFORCEMENT_MATRIX.md for FK/soft-reference classification).
settlement_accounts,provider_ref,varchar(128),OPAQUE_IDENTIFIER,Opaque application identifier (see PCA_RELATIONSHIP_ENFORCEMENT_MATRIX.md for FK/soft-reference classification).
settlement_accounts,display_label,varchar(64),READABLE_PARENT_DATA,"Parent-visible billing/display label (e.g. invoice line description, masked card label) — not child/family activity content."
settlement_accounts,settlement_currency,char(3),OPERATIONAL_METADATA,Closed-vocabulary status/type/category/currency/market column.
settlement_accounts,status,varchar(16),OPERATIONAL_METADATA,Closed-vocabulary status/type/category/currency/market column.
settlement_accounts,created_at,datetime(3),OPERATIONAL_METADATA,Timestamp.
settlement_accounts,updated_at,datetime(3),OPERATIONAL_METADATA,Timestamp.
settlement_batch_items,settlement_batch_item_id,char(36),OPAQUE_IDENTIFIER,Opaque application identifier (see PCA_RELATIONSHIP_ENFORCEMENT_MATRIX.md for FK/soft-reference classification).
settlement_batch_items,settlement_batch_id,char(36),OPAQUE_IDENTIFIER,Opaque application identifier (see PCA_RELATIONSHIP_ENFORCEMENT_MATRIX.md for FK/soft-reference classification).
settlement_batch_items,payment_transaction_id,char(36),OPAQUE_IDENTIFIER,Opaque application identifier (see PCA_RELATIONSHIP_ENFORCEMENT_MATRIX.md for FK/soft-reference classification).
settlement_batch_items,amount_minor,bigint,OPERATIONAL_METADATA,"Numeric/boolean operational counter, limit, flag, rate, or version."
settlement_batch_items,currency_code,char(3),OPERATIONAL_METADATA,Closed-vocabulary status/type/category/currency/market column.
settlement_batch_items,created_at,datetime(3),OPERATIONAL_METADATA,Timestamp.
settlement_batches,settlement_batch_id,char(36),OPAQUE_IDENTIFIER,Opaque application identifier (see PCA_RELATIONSHIP_ENFORCEMENT_MATRIX.md for FK/soft-reference classification).
settlement_batches,settlement_account_ref,char(36),OPAQUE_IDENTIFIER,Opaque application identifier (see PCA_RELATIONSHIP_ENFORCEMENT_MATRIX.md for FK/soft-reference classification).
settlement_batches,settlement_currency,char(3),OPERATIONAL_METADATA,Closed-vocabulary status/type/category/currency/market column.
settlement_batches,period_start,datetime(3),OPERATIONAL_METADATA,Timestamp.
settlement_batches,period_end,datetime(3),OPERATIONAL_METADATA,Timestamp.
settlement_batches,expected_gross_minor,bigint,OPERATIONAL_METADATA,"Numeric/boolean operational counter, limit, flag, rate, or version."
settlement_batches,fees_minor,bigint,OPERATIONAL_METADATA,"Numeric/boolean operational counter, limit, flag, rate, or version."
settlement_batches,net_minor,bigint,OPERATIONAL_METADATA,"Numeric/boolean operational counter, limit, flag, rate, or version."
settlement_batches,received_minor,bigint,OPERATIONAL_METADATA,"Numeric/boolean operational counter, limit, flag, rate, or version."
settlement_batches,difference_minor,bigint,OPERATIONAL_METADATA,"Numeric/boolean operational counter, limit, flag, rate, or version."
settlement_batches,status,varchar(24),OPERATIONAL_METADATA,Closed-vocabulary status/type/category/currency/market column.
settlement_batches,provider_ref,varchar(128),OPAQUE_IDENTIFIER,Opaque application identifier (see PCA_RELATIONSHIP_ENFORCEMENT_MATRIX.md for FK/soft-reference classification).
settlement_batches,resolution_reason,varchar(500),OPERATIONAL_METADATA,"Admin-authored free-text business-process justification (always paired with a *_by_admin_id column) — never child/family personal content, but genuinely free-text; see PCA_CANONICAL_SCHEMA_REPORT.md caveat."
settlement_batches,resolved_by_admin_id,char(36),OPAQUE_IDENTIFIER,Opaque application identifier (see PCA_RELATIONSHIP_ENFORCEMENT_MATRIX.md for FK/soft-reference classification).
settlement_batches,resolved_at,datetime(3),OPERATIONAL_METADATA,Timestamp.
settlement_batches,created_by_admin_id,char(36),OPAQUE_IDENTIFIER,Opaque application identifier (see PCA_RELATIONSHIP_ENFORCEMENT_MATRIX.md for FK/soft-reference classification).
settlement_batches,created_at,datetime(3),OPERATIONAL_METADATA,Timestamp.
settlement_batches,updated_at,datetime(3),OPERATIONAL_METADATA,Timestamp.
settlement_batches,usd_normalized_rate,"decimal(24,10)",OPERATIONAL_METADATA,"Numeric/boolean operational counter, limit, flag, rate, or version."
settlement_batches,usd_normalized_recorded_at,datetime(3),OPERATIONAL_METADATA,Timestamp.
settlement_batches,usd_normalized_by_admin_id,char(36),OPAQUE_IDENTIFIER,Opaque application identifier (see PCA_RELATIONSHIP_ENFORCEMENT_MATRIX.md for FK/soft-reference classification).
settlement_fx_snapshots,settlement_fx_snapshot_id,char(36),OPAQUE_IDENTIFIER,Opaque application identifier (see PCA_RELATIONSHIP_ENFORCEMENT_MATRIX.md for FK/soft-reference classification).
settlement_fx_snapshots,settlement_batch_item_id,char(36),OPAQUE_IDENTIFIER,Opaque application identifier (see PCA_RELATIONSHIP_ENFORCEMENT_MATRIX.md for FK/soft-reference classification).
settlement_fx_snapshots,source_currency,char(3),OPERATIONAL_METADATA,Closed-vocabulary status/type/category/currency/market column.
settlement_fx_snapshots,settlement_currency,char(3),OPERATIONAL_METADATA,Closed-vocabulary status/type/category/currency/market column.
settlement_fx_snapshots,recorded_rate,"decimal(24,10)",OPERATIONAL_METADATA,"Numeric/boolean operational counter, limit, flag, rate, or version."
settlement_fx_snapshots,effective_timestamp,datetime(3),OPERATIONAL_METADATA,Timestamp.
settlement_fx_snapshots,provider_ref,varchar(128),OPAQUE_IDENTIFIER,Opaque application identifier (see PCA_RELATIONSHIP_ENFORCEMENT_MATRIX.md for FK/soft-reference classification).
settlement_fx_snapshots,created_at,datetime(3),OPERATIONAL_METADATA,Timestamp.
sync_sequence_progress_ledger,family_id,varchar(128),OPAQUE_IDENTIFIER,Opaque application identifier (see PCA_RELATIONSHIP_ENFORCEMENT_MATRIX.md for FK/soft-reference classification).
sync_sequence_progress_ledger,sender_key_id,varchar(128),OPAQUE_IDENTIFIER,Opaque application identifier (see PCA_RELATIONSHIP_ENFORCEMENT_MATRIX.md for FK/soft-reference classification).
sync_sequence_progress_ledger,last_applied_sequence,bigint unsigned,OPERATIONAL_METADATA,"Numeric/boolean operational counter, limit, flag, rate, or version."
sync_sequence_progress_ledger,updated_at,datetime(3),OPERATIONAL_METADATA,Timestamp.
