REQUIREMENT_ID,PHASE,MATRIX_STATUS_AT_fa6dee2,FINAL_CLASSIFICATION,V1_SCOPE,BASIS
PCA-AI-001,PCA-14,PARTIAL,NEW_FEATURE_ARCHITECTURE_REQUIRED,POST_V1,"No trained model and no production call site; scaffolding only (A10, A19 D3)"
PCA-AND-001,PCA-2,SOURCE_COMPLETE,PRODUCTION_COMPLETE,V1_REQUIRED,"Source complete, test-covered, no external gate"
PCA-AND-002,PCA-2,SOURCE_COMPLETE,PRODUCTION_COMPLETE,V1_REQUIRED,"Source complete, test-covered, no external gate"
PCA-AND-003,PCA-2,SOURCE_COMPLETE,PRODUCTION_COMPLETE,V1_REQUIRED,"A2 trace: emergency allowlist floor is implemented, composed and executed on every evaluate. PPR-1 false positive, restored."
PCA-DATA-001,PCA-12,SOURCE_COMPLETE_EXTERNAL_GATE,SOURCE_COMPLETE_EXTERNAL_GATE,V1_REQUIRED,Fail-closed pending PCA-DEC-020/021 crypto review (A11)
PCA-DATA-002,PCA-12,NOT_APPLICABLE,NOT_APPLICABLE_V1,NOT_APPLICABLE,Out of V1 scope by normative derivation (A01 §2.7)
PCA-DATA-010,PCA-17,SOURCE_COMPLETE,PRODUCTION_COMPLETE,V1_REQUIRED,"Source complete, test-covered, no external gate"
PCA-DATA-011,PCA-17,SOURCE_COMPLETE,PRODUCTION_COMPLETE,V1_REQUIRED,"Source complete, test-covered, no external gate"
PCA-DATA-012,PCA-17,SOURCE_COMPLETE,PRODUCTION_COMPLETE,V1_REQUIRED,"Source complete, test-covered, no external gate"
PCA-DATA-013,PCA-12,SOURCE_COMPLETE,PRODUCTION_COMPLETE,V1_REQUIRED,"Source complete, test-covered, no external gate"
PCA-DATA-014,PCA-0,NOT_APPLICABLE,NOT_APPLICABLE_V1,NOT_APPLICABLE,Out of V1 scope by normative derivation (A01 §2.7)
PCA-DATA-020,PCA-12,SOURCE_COMPLETE,PRODUCTION_COMPLETE,V1_REQUIRED,"Source complete, test-covered, no external gate"
PCA-DATA-021,PCA-12+PCA-13,SOURCE_COMPLETE,SOURCE_COMPLETE_EXTERNAL_GATE,V1_REQUIRED,"PPR-1R: reportProtectionStatus implemented (D008). Capability still gated - relay transport uncomposed, device session crypto-gated."
PCA-DATA-022,PCA-12+PCA-11,SOURCE_COMPLETE_EXTERNAL_GATE,SOURCE_COMPLETE_EXTERNAL_GATE,V1_REQUIRED,Fail-closed pending PCA-DEC-020/021 crypto review (A11)
PCA-DATA-023,PCA-12,SOURCE_COMPLETE,PRODUCTION_COMPLETE,V1_REQUIRED,"Source complete, test-covered, no external gate"
PCA-DATA-024,PCA-12+PCA-11,SOURCE_COMPLETE,PRODUCTION_COMPLETE,V1_REQUIRED,"Source complete, test-covered, no external gate"
PCA-DATA-025,PCA-12+PCA-11,PARTIAL,SOURCE_COMPLETE_EXTERNAL_GATE,V1_REQUIRED,Fail-closed pending PCA-DEC-020/021 crypto review (A11)
PCA-DATA-026,PCA-12,SOURCE_COMPLETE,PRODUCTION_COMPLETE,V1_REQUIRED,"Source complete, test-covered, no external gate"
PCA-DATA-027,PCA-12+PCA-11,PARTIAL,SOURCE_COMPLETE_EXTERNAL_GATE,V1_REQUIRED,Fail-closed pending PCA-DEC-020/021 crypto review (A11)
PCA-DATA-028,PCA-12,NOT_APPLICABLE,NOT_APPLICABLE_V1,NOT_APPLICABLE,Out of V1 scope by normative derivation (A01 §2.7)
PCA-DATA-029,PCA-12,SOURCE_COMPLETE,SOURCE_COMPLETE_EXTERNAL_GATE,V1_REQUIRED,Fail-closed pending PCA-DEC-020/021 crypto review (A11)
PCA-FR-000,PCA-0,NOT_APPLICABLE,NOT_APPLICABLE_V1,NOT_APPLICABLE,Out of V1 scope by normative derivation (A01 §2.7)
PCA-FR-000A,PCA-2+PCA-10,SOURCE_COMPLETE,PRODUCTION_COMPLETE,V1_REQUIRED,"Source complete, test-covered, no external gate"
PCA-FR-001,PCA-1,SOURCE_COMPLETE,PRODUCTION_COMPLETE,V1_REQUIRED,"Source complete, test-covered, no external gate"
PCA-FR-002,PCA-1,SOURCE_COMPLETE,PRODUCTION_COMPLETE,V1_REQUIRED,"Source complete, test-covered, no external gate"
PCA-FR-002A,PCA-1,SOURCE_COMPLETE,PRODUCTION_COMPLETE,V1_REQUIRED,"Source complete, test-covered, no external gate"
PCA-FR-003,PCA-1,SOURCE_COMPLETE,PRODUCTION_COMPLETE,V1_REQUIRED,"Source complete, test-covered, no external gate"
PCA-FR-004,PCA-10,SOURCE_COMPLETE,PRODUCTION_COMPLETE,V1_REQUIRED,"Source complete, test-covered, no external gate"
PCA-FR-004A,PCA-PA-2,SOURCE_COMPLETE,PRODUCTION_COMPLETE,V1_REQUIRED,"Source complete, test-covered, no external gate"
PCA-FR-005,PCA-1,PARTIAL,SOURCE_COMPLETE_EXTERNAL_GATE,V1_REQUIRED,Fail-closed pending PCA-DEC-020/021 crypto review (A11)
PCA-FR-006,PCA-1,PARTIAL,SOURCE_COMPLETE_EXTERNAL_GATE,V1_REQUIRED,Fail-closed pending PCA-DEC-020/021 crypto review (A11)
PCA-FR-007,PCA-1,SOURCE_COMPLETE,PRODUCTION_COMPLETE,V1_REQUIRED,"Source complete, test-covered, no external gate"
PCA-FR-008,PCA-1,SOURCE_COMPLETE_EXTERNAL_GATE,IOS_ENTITLEMENT_REQUIRED,POST_V1,A6: host-app composition layer is unwritten code = POST_V1 source debt. Entitlement/device gate applies to runtime enforcement validation only; macOS+Xcode is NOT a gate (CI has a macos-14 runner).
PCA-FR-010,PCA-3,SOURCE_COMPLETE,PRODUCTION_COMPLETE,V1_REQUIRED,"Source complete, test-covered, no external gate"
PCA-FR-011,PCA-3,SOURCE_COMPLETE,PRODUCTION_COMPLETE,V1_REQUIRED,"Source complete, test-covered, no external gate"
PCA-FR-011A,PCA-3,SOURCE_COMPLETE,PRODUCTION_COMPLETE,V1_REQUIRED,"Source complete, test-covered, no external gate"
PCA-FR-012,PCA-3,SOURCE_COMPLETE,PRODUCTION_COMPLETE,V1_REQUIRED,"Source complete, test-covered, no external gate"
PCA-FR-012A,PCA-3,SOURCE_COMPLETE,PRODUCTION_COMPLETE,V1_REQUIRED,"Source complete, test-covered, no external gate"
PCA-FR-013,PCA-3,SOURCE_COMPLETE,PRODUCTION_COMPLETE,V1_REQUIRED,"Source complete, test-covered, no external gate"
PCA-FR-014,PCA-3,SOURCE_COMPLETE,PRODUCTION_COMPLETE,V1_REQUIRED,"Source complete, test-covered, no external gate"
PCA-FR-014A,PCA-3,SOURCE_COMPLETE,PRODUCTION_COMPLETE,V1_REQUIRED,"Source complete, test-covered, no external gate"
PCA-FR-015,PCA-2+PCA-3,SOURCE_COMPLETE,PRODUCTION_COMPLETE,V1_REQUIRED,"Source complete, test-covered, no external gate"
PCA-FR-016,PCA-3,SOURCE_COMPLETE,PRODUCTION_COMPLETE,V1_REQUIRED,"Source complete, test-covered, no external gate"
PCA-FR-017,PCA-3+PCA-13,SOURCE_COMPLETE,SOURCE_COMPLETE_EXTERNAL_GATE,V1_REQUIRED,"PPR-1R: reportProtectionStatus implemented (D008). Capability still gated - relay transport uncomposed, device session crypto-gated."
PCA-FR-018,PCA-3,SOURCE_COMPLETE,PRODUCTION_COMPLETE,V1_REQUIRED,"Source complete, test-covered, no external gate"
PCA-FR-020,PCA-8,SOURCE_COMPLETE,PRODUCTION_COMPLETE,V1_REQUIRED,"Source complete, test-covered, no external gate"
PCA-FR-021,PCA-8,SOURCE_COMPLETE_VALIDATION_PENDING,REAL_DEVICE_REQUIRED,V1_REQUIRED,Needs real Android hardware; UAT 0/50 executed (A05)
PCA-FR-021A,PCA-8,SOURCE_COMPLETE,PRODUCTION_COMPLETE,V1_REQUIRED,"Source complete, test-covered, no external gate"
PCA-FR-022,PCA-8,SOURCE_COMPLETE,PRODUCTION_COMPLETE,V1_REQUIRED,"Source complete, test-covered, no external gate"
PCA-FR-023,PCA-8,SOURCE_COMPLETE,REAL_DEVICE_REQUIRED,V1_REQUIRED,Needs real Android hardware; UAT 0/50 executed (A05)
PCA-FR-024,PCA-8,SOURCE_COMPLETE_EXTERNAL_GATE,REAL_DEVICE_REQUIRED,V1_REQUIRED,Needs real Android hardware; UAT 0/50 executed (A05)
PCA-FR-030,PCA-5,SOURCE_COMPLETE,PRODUCTION_COMPLETE,V1_REQUIRED,"Source complete, test-covered, no external gate"
PCA-FR-031,PCA-5,SOURCE_COMPLETE,PRODUCTION_COMPLETE,V1_REQUIRED,"Source complete, test-covered, no external gate"
PCA-FR-031A,PCA-5,SOURCE_COMPLETE,PRODUCTION_COMPLETE,V1_REQUIRED,"Source complete, test-covered, no external gate"
PCA-FR-032,PCA-5,SOURCE_COMPLETE,PRODUCTION_COMPLETE,V1_REQUIRED,"Source complete, test-covered, no external gate"
PCA-FR-033,PCA-5,SOURCE_COMPLETE,PRODUCTION_COMPLETE,V1_REQUIRED,"Source complete, test-covered, no external gate"
PCA-FR-034,PCA-5,SOURCE_COMPLETE,PRODUCTION_COMPLETE,V1_REQUIRED,"Source complete, test-covered, no external gate"
PCA-FR-035,PCA-5,SOURCE_COMPLETE,PRODUCTION_COMPLETE,V1_REQUIRED,"Source complete, test-covered, no external gate"
PCA-FR-036,PCA-5,SOURCE_COMPLETE,PRODUCTION_COMPLETE,V1_REQUIRED,"Source complete, test-covered, no external gate"
PCA-FR-037,PCA-5,SOURCE_COMPLETE,PRODUCTION_COMPLETE,V1_REQUIRED,"Source complete, test-covered, no external gate"
PCA-FR-040,PCA-2,SOURCE_COMPLETE,PRODUCTION_COMPLETE,V1_REQUIRED,"Source complete, test-covered, no external gate"
PCA-FR-041,PCA-2,SOURCE_COMPLETE,SOURCE_COMPLETE_EXTERNAL_GATE,V1_REQUIRED,"A2 trace: chain complete; blocked by fail-closed crypto (PCA-DEC-020), not a source defect."
PCA-FR-042,PCA-2,SOURCE_COMPLETE,SOURCE_COMPLETE_EXTERNAL_GATE,V1_REQUIRED,"A2 trace: chain complete; blocked by fail-closed crypto (PCA-DEC-020), not a source defect."
PCA-FR-043,PCA-4,SOURCE_COMPLETE,SOURCE_COMPLETE_OWNER_DECISION,V1_REQUIRED,"A2 trace: on-device router repo-solvable, BUT no parent-web UI authors schedule windows at all. Product gap + crypto gate."
PCA-FR-043A,PCA-4,SOURCE_COMPLETE,SOURCE_COMPLETE_OWNER_DECISION,V1_REQUIRED,A2 trace: same as PCA-FR-043; the override-requires-approval toggle exists nowhere in the parent-web domain model.
PCA-FR-044,PCA-2,SOURCE_COMPLETE,PRODUCTION_COMPLETE,V1_REQUIRED,"Source complete, test-covered, no external gate"
PCA-FR-045,PCA-2,SOURCE_COMPLETE,COMPLIANCE_REQUIRED,V1_REQUIRED,"PPR-1R: installed-app fields now encrypted at rest (D033) and <queries> added (D010). Residual is the producer-catalogue disclosure, which needs sign-off."
PCA-FR-050,PCA-6,SOURCE_COMPLETE,PRODUCTION_COMPLETE,V1_REQUIRED,"Source complete, test-covered, no external gate"
PCA-FR-051,PCA-6,SOURCE_COMPLETE,PRODUCTION_COMPLETE,V1_REQUIRED,"Source complete, test-covered, no external gate"
PCA-FR-052,PCA-6,NOT_STARTED,COMPLIANCE_REQUIRED,V1_REQUIRED,Legal/policy/store sign-off outstanding (A13)
PCA-FR-053,PCA-6,SOURCE_COMPLETE,COMPLIANCE_REQUIRED,V1_REQUIRED,Legal/policy/store sign-off outstanding (A13)
PCA-FR-054,PCA-6,SOURCE_COMPLETE,PRODUCTION_COMPLETE,V1_REQUIRED,"Source complete, test-covered, no external gate"
PCA-FR-060,PCA-7,SOURCE_COMPLETE,PRODUCTION_COMPLETE,V1_REQUIRED,"Source complete, test-covered, no external gate"
PCA-FR-061,PCA-7,SOURCE_COMPLETE,PRODUCTION_COMPLETE,V1_REQUIRED,"Source complete, test-covered, no external gate"
PCA-FR-062,PCA-7,PARTIAL,SOURCE_COMPLETE_EXTERNAL_GATE,V1_REQUIRED,Fail-closed pending PCA-DEC-020/021 crypto review (A11)
PCA-FR-063,PCA-7,PARTIAL,SOURCE_COMPLETE_EXTERNAL_GATE,V1_REQUIRED,Fail-closed pending PCA-DEC-020/021 crypto review (A11)
PCA-FR-064,PCA-7,SOURCE_COMPLETE,PRODUCTION_COMPLETE,V1_REQUIRED,"Source complete, test-covered, no external gate"
PCA-FR-065,PCA-7,SOURCE_COMPLETE,PRODUCTION_COMPLETE,V1_REQUIRED,"Source complete, test-covered, no external gate"
PCA-FR-070,PCA-9,SOURCE_COMPLETE,PRODUCTION_COMPLETE,V1_REQUIRED,"Source complete, test-covered, no external gate"
PCA-FR-071,PCA-9,SOURCE_COMPLETE,PRODUCTION_COMPLETE,V1_REQUIRED,"Source complete, test-covered, no external gate"
PCA-FR-072,PCA-9,SOURCE_COMPLETE,PRODUCTION_COMPLETE,V1_REQUIRED,"Source complete, test-covered, no external gate"
PCA-FR-073,PCA-9,SOURCE_COMPLETE,REAL_SOURCE_DEFECT,V1_REQUIRED,PPR-1R: still OPEN. scheduleReminder has no production caller; writer was interrupted before wiring it.
PCA-FR-074,PCA-9,SOURCE_COMPLETE,PRODUCTION_COMPLETE,V1_REQUIRED,"Source complete, test-covered, no external gate"
PCA-FR-074A,PCA-9,SOURCE_COMPLETE,PRODUCTION_COMPLETE,V1_REQUIRED,"Source complete, test-covered, no external gate"
PCA-FR-080,PCA-13,SOURCE_COMPLETE,REAL_DEVICE_REQUIRED,V1_REQUIRED,Needs real Android hardware; UAT 0/50 executed (A05)
PCA-FR-081,PCA-13,SOURCE_COMPLETE_EXTERNAL_GATE,SOURCE_COMPLETE_EXTERNAL_GATE,V1_REQUIRED,Fail-closed pending PCA-DEC-020/021 crypto review (A11)
PCA-FR-082,PCA-13,PARTIAL,SOURCE_COMPLETE_OWNER_DECISION,V1_REQUIRED,Blocked on a named owner decision (A19)
PCA-FR-083,PCA-13,SOURCE_COMPLETE,IOS_ENTITLEMENT_REQUIRED,POST_V1,A6: host-app composition layer is unwritten code = POST_V1 source debt. Entitlement/device gate applies to runtime enforcement validation only; macOS+Xcode is NOT a gate (CI has a macos-14 runner).
PCA-FR-084,PCA-13,SOURCE_COMPLETE,REAL_DEVICE_REQUIRED,V1_REQUIRED,Needs real Android hardware; UAT 0/50 executed (A05)
PCA-FR-085,PCA-13,SOURCE_COMPLETE_EXTERNAL_GATE,SOURCE_COMPLETE_EXTERNAL_GATE,V1_REQUIRED,Fail-closed pending PCA-DEC-020/021 crypto review (A11)
PCA-FR-090,PCA-10,SOURCE_COMPLETE,PRODUCTION_COMPLETE,V1_REQUIRED,"Source complete, test-covered, no external gate"
PCA-FR-091,PCA-10,SOURCE_COMPLETE_EXTERNAL_GATE,SOURCE_COMPLETE_EXTERNAL_GATE,V1_REQUIRED,Fail-closed pending PCA-DEC-020/021 crypto review (A11)
PCA-FR-092,PCA-10,SOURCE_COMPLETE,PRODUCTION_COMPLETE,V1_REQUIRED,"Source complete, test-covered, no external gate"
PCA-FR-093,PCA-10,SOURCE_COMPLETE,PRODUCTION_COMPLETE,V1_REQUIRED,"Source complete, test-covered, no external gate"
PCA-FR-094,PCA-10,SOURCE_COMPLETE,PRODUCTION_COMPLETE,V1_REQUIRED,"Source complete, test-covered, no external gate"
PCA-FR-095,PCA-10,SOURCE_COMPLETE,PRODUCTION_COMPLETE,V1_REQUIRED,"Source complete, test-covered, no external gate"
PCA-FR-096,PCA-10,SOURCE_COMPLETE,PRODUCTION_COMPLETE,V1_REQUIRED,"Source complete, test-covered, no external gate"
PCA-FR-100,PCA-12,SOURCE_COMPLETE,PRODUCTION_COMPLETE,V1_REQUIRED,"Source complete, test-covered, no external gate"
PCA-FR-101,PCA-12,SOURCE_COMPLETE,PRODUCTION_COMPLETE,V1_REQUIRED,"Source complete, test-covered, no external gate"
PCA-FR-102,PCA-12,SOURCE_COMPLETE,PRODUCTION_COMPLETE,V1_REQUIRED,"Source complete, test-covered, no external gate"
PCA-FR-103,PCA-12,SOURCE_COMPLETE,PRODUCTION_COMPLETE,V1_REQUIRED,"Source complete, test-covered, no external gate"
PCA-FR-104,PCA-12,PARTIAL,SOURCE_COMPLETE_EXTERNAL_GATE,V1_REQUIRED,Fail-closed pending PCA-DEC-020/021 crypto review (A11)
PCA-FR-105,PCA-12,SOURCE_COMPLETE,PRODUCTION_COMPLETE,V1_REQUIRED,"Source complete, test-covered, no external gate"
PCA-FR-110,PCA-16,SOURCE_COMPLETE,PRODUCTION_COMPLETE,V1_REQUIRED,"Source complete, test-covered, no external gate"
PCA-FR-111,PCA-16,SOURCE_COMPLETE,PRODUCTION_COMPLETE,V1_REQUIRED,"Source complete, test-covered, no external gate"
PCA-FR-112,PCA-16,SOURCE_COMPLETE,PRODUCTION_COMPLETE,V1_REQUIRED,"Source complete, test-covered, no external gate"
PCA-FR-113,PCA-16,SOURCE_COMPLETE,PRODUCTION_COMPLETE,V1_REQUIRED,"Source complete, test-covered, no external gate"
PCA-FR-114,PCA-16,SOURCE_COMPLETE,PRODUCTION_COMPLETE,V1_REQUIRED,"Source complete, test-covered, no external gate"
PCA-FR-120,PCA-2+PCA-10,SOURCE_COMPLETE,PRODUCTION_COMPLETE,V1_REQUIRED,"Source complete, no external gate; matrix carries NO testEvidence for this row - coverage unverified"
PCA-FR-121,PCA-10,SOURCE_COMPLETE,PRODUCTION_COMPLETE,V1_REQUIRED,"Source complete, test-covered, no external gate"
PCA-FR-122,PCA-17,PARTIAL,SOURCE_COMPLETE_EXTERNAL_GATE,V1_REQUIRED,Fail-closed pending PCA-DEC-020/021 crypto review (A11)
PCA-FR-123,PCA-17,SOURCE_COMPLETE,PRODUCTION_COMPLETE,V1_REQUIRED,"Source complete, test-covered, no external gate"
PCA-FR-124,PCA-12,SOURCE_COMPLETE,SOURCE_COMPLETE_EXTERNAL_GATE,V1_REQUIRED,"PPR-1R: reportProtectionStatus implemented (D008). Capability still gated - relay transport uncomposed, device session crypto-gated."
PCA-FR-125,PCA-12,PARTIAL,SOURCE_COMPLETE_EXTERNAL_GATE,V1_REQUIRED,Fail-closed pending PCA-DEC-020/021 crypto review (A11)
PCA-FR-126,PCA-8+PCA-17,SOURCE_COMPLETE,PRODUCTION_COMPLETE,V1_REQUIRED,"Source complete, no external gate; matrix carries NO testEvidence for this row - coverage unverified"
PCA-FR-127,PCA-17,SOURCE_COMPLETE,PRODUCTION_COMPLETE,V1_REQUIRED,"Source complete, test-covered, no external gate"
PCA-FR-130,PCA-3+PCA-10,SOURCE_COMPLETE_EXTERNAL_GATE,SOURCE_COMPLETE_EXTERNAL_GATE,V1_REQUIRED,Fail-closed pending PCA-DEC-020/021 crypto review (A11)
PCA-FR-131,PCA-2+PCA-10,SOURCE_COMPLETE_EXTERNAL_GATE,SOURCE_COMPLETE_EXTERNAL_GATE,V1_REQUIRED,Fail-closed pending PCA-DEC-020/021 crypto review (A11)
PCA-FR-132,PCA-2+PCA-3,SOURCE_COMPLETE,PRODUCTION_COMPLETE,V1_REQUIRED,"Source complete, test-covered, no external gate"
PCA-FR-133,PCA-1,SOURCE_COMPLETE,PRODUCTION_COMPLETE,V1_REQUIRED,"Source complete, test-covered, no external gate"
PCA-FR-134,PCA-2+PCA-3,SOURCE_COMPLETE,SOURCE_COMPLETE_EXTERNAL_GATE,V1_REQUIRED,"A2 trace: chain complete; blocked by fail-closed crypto (PCA-DEC-020), not a source defect."
PCA-FR-135,PCA-7+PCA-10,SOURCE_COMPLETE_EXTERNAL_GATE,SOURCE_COMPLETE_EXTERNAL_GATE,V1_REQUIRED,Fail-closed pending PCA-DEC-020/021 crypto review (A11)
PCA-FR-136,PCA-17,SOURCE_COMPLETE,PRODUCTION_COMPLETE,V1_REQUIRED,"Source complete, test-covered, no external gate"
PCA-FR-137,PCA-17,SOURCE_COMPLETE,PRODUCTION_INFRA_REQUIRED,V1_REQUIRED,Needs deployed production infrastructure (A14)
PCA-FR-138,PCA-11,PARTIAL,SOURCE_COMPLETE_EXTERNAL_GATE,V1_REQUIRED,Fail-closed pending PCA-DEC-020/021 crypto review (A11)
PCA-FR-139,PCA-10+PCA-11,SOURCE_COMPLETE,PRODUCTION_COMPLETE,V1_REQUIRED,"Source complete, test-covered, no external gate"
PCA-FR-140,PCA-1+PCA-11,SOURCE_COMPLETE_EXTERNAL_GATE,IOS_ENTITLEMENT_REQUIRED,POST_V1,A6: host-app composition layer is unwritten code = POST_V1 source debt. Entitlement/device gate applies to runtime enforcement validation only; macOS+Xcode is NOT a gate (CI has a macos-14 runner).
PCA-FR-141,PCA-1+PCA-11,SOURCE_COMPLETE,PRODUCTION_COMPLETE,V1_REQUIRED,"Source complete, test-covered, no external gate"
PCA-FR-142,PCA-1+PCA-11,SOURCE_COMPLETE,PRODUCTION_COMPLETE,V1_REQUIRED,"Source complete, test-covered, no external gate"
PCA-FR-143,PCA-10+PCA-11,PARTIAL,SOURCE_COMPLETE_EXTERNAL_GATE,V1_REQUIRED,Fail-closed pending PCA-DEC-020/021 crypto review (A11)
PCA-FR-144,PCA-11+PCA-13,SOURCE_COMPLETE_EXTERNAL_GATE,IOS_ENTITLEMENT_REQUIRED,POST_V1,A6: host-app composition layer is unwritten code = POST_V1 source debt. Entitlement/device gate applies to runtime enforcement validation only; macOS+Xcode is NOT a gate (CI has a macos-14 runner).
PCA-FR-145,PCA-13+PCA-15,PARTIAL,SOURCE_COMPLETE_OWNER_DECISION,V1_REQUIRED,Blocked on a named owner decision (A19)
PCA-FR-146,PCA-11+PCA-13,PARTIAL,SOURCE_COMPLETE_EXTERNAL_GATE,V1_REQUIRED,Fail-closed pending PCA-DEC-020/021 crypto review (A11)
PCA-IOS-001,PCA-15,SOURCE_COMPLETE,IOS_ENTITLEMENT_REQUIRED,POST_V1,A6: host-app composition layer is unwritten code = POST_V1 source debt. Entitlement/device gate applies to runtime enforcement validation only; macOS+Xcode is NOT a gate (CI has a macos-14 runner).
PCA-IOS-002,PCA-15,SOURCE_COMPLETE,IOS_ENTITLEMENT_REQUIRED,POST_V1,A6: host-app composition layer is unwritten code = POST_V1 source debt. Entitlement/device gate applies to runtime enforcement validation only; macOS+Xcode is NOT a gate (CI has a macos-14 runner).
PCA-IOS-003,PCA-15,SOURCE_COMPLETE,IOS_ENTITLEMENT_REQUIRED,POST_V1,A6: host-app composition layer is unwritten code = POST_V1 source debt. Entitlement/device gate applies to runtime enforcement validation only; macOS+Xcode is NOT a gate (CI has a macos-14 runner).
PCA-NFR-000,PCA-0,NOT_APPLICABLE,NOT_APPLICABLE_V1,NOT_APPLICABLE,Out of V1 scope by normative derivation (A01 §2.7)
PCA-NFR-001,PCA-17+PCA-11,NOT_APPLICABLE,PRODUCTION_INFRA_REQUIRED,V1_REQUIRED,"TLS terminated upstream; no source implements it. Gates DEPLOYED_TLS_TERMINATION_CONFIG + DOMAIN_DNS_HOSTING; follows owner decision D16 single-origin vs split-origin. Matrix status NOT_APPLICABLE is itself wrong - infra-required, not out of scope."
PCA-NFR-002,PCA-17+PCA-11,PARTIAL,SOURCE_COMPLETE_EXTERNAL_GATE,V1_REQUIRED,Fail-closed pending PCA-DEC-020/021 crypto review (A11)
PCA-NFR-003,PCA-17+PCA-11,SOURCE_COMPLETE,PRODUCTION_COMPLETE,V1_REQUIRED,"Source complete, no external gate; matrix carries NO testEvidence for this row - coverage unverified"
PCA-NFR-004,PCA-17+PCA-11,PARTIAL,SOURCE_COMPLETE_EXTERNAL_GATE,V1_REQUIRED,Fail-closed pending PCA-DEC-020/021 crypto review (A11)
PCA-NFR-005,PCA-17+PCA-11,SOURCE_COMPLETE,PRODUCTION_COMPLETE,V1_REQUIRED,"Source complete, test-covered, no external gate"
PCA-NFR-006,PCA-17+PCA-11,SOURCE_COMPLETE,PRODUCTION_COMPLETE,V1_REQUIRED,"Source complete, test-covered, no external gate"
PCA-NFR-007,PCA-17+PCA-11,SOURCE_COMPLETE,PRODUCTION_COMPLETE,V1_REQUIRED,"Source complete, test-covered, no external gate"
PCA-NFR-008,PCA-17+PCA-11,SOURCE_COMPLETE,PRODUCTION_COMPLETE,V1_REQUIRED,"Source complete, test-covered, no external gate"
PCA-NFR-009,PCA-17+PCA-11,SOURCE_COMPLETE,PRODUCTION_COMPLETE,V1_REQUIRED,"Source complete, test-covered, no external gate"
PCA-NFR-010,PCA-17,SOURCE_COMPLETE,PRODUCTION_COMPLETE,V1_REQUIRED,"Source complete, test-covered, no external gate"
PCA-NFR-011,PCA-17,PARTIAL,SOURCE_COMPLETE_EXTERNAL_GATE,V1_REQUIRED,Fail-closed pending PCA-DEC-020/021 crypto review (A11)
PCA-NFR-012,PCA-17,SOURCE_COMPLETE,PRODUCTION_COMPLETE,V1_REQUIRED,"Source complete, test-covered, no external gate"
PCA-NFR-013,PCA-17,SOURCE_COMPLETE,PRODUCTION_COMPLETE,V1_REQUIRED,"Source complete, test-covered, no external gate"
PCA-NFR-014,PCA-17,SOURCE_COMPLETE,SOURCE_COMPLETE_OWNER_DECISION,V1_REQUIRED,Blocked on a named owner decision (A19)
PCA-NFR-015,PCA-17,SOURCE_COMPLETE,PRODUCTION_COMPLETE,V1_REQUIRED,"Source complete, test-covered, no external gate"
PCA-NFR-020,PCA-3+PCA-5,SOURCE_COMPLETE,PRODUCTION_COMPLETE,V1_REQUIRED,"Source complete, test-covered, no external gate"
PCA-NFR-021,PCA-10,SOURCE_COMPLETE,PRODUCTION_COMPLETE,V1_REQUIRED,"Source complete, test-covered, no external gate"
PCA-NFR-022,PCA-5+PCA-17,SOURCE_COMPLETE,PRODUCTION_COMPLETE,V1_REQUIRED,"Source complete, test-covered, no external gate"
PCA-NFR-023,PCA-2+PCA-3,SOURCE_COMPLETE,PRODUCTION_COMPLETE,V1_REQUIRED,"Source complete, test-covered, no external gate"
PCA-NFR-024,PCA-11,PARTIAL,SOURCE_COMPLETE_EXTERNAL_GATE,V1_REQUIRED,Fail-closed pending PCA-DEC-020/021 crypto review (A11)
PCA-NFR-025,PCA-11,SOURCE_COMPLETE_EXTERNAL_GATE,SOURCE_COMPLETE_EXTERNAL_GATE,V1_REQUIRED,Fail-closed pending PCA-DEC-020/021 crypto review (A11)
PCA-NFR-030,PCA-8,SOURCE_COMPLETE,PRODUCTION_COMPLETE,V1_REQUIRED,"Source complete, test-covered, no external gate"
PCA-NFR-031,PCA-2,SOURCE_COMPLETE,PRODUCTION_COMPLETE,V1_REQUIRED,"Source complete, test-covered, no external gate"
PCA-NFR-032,PCA-5,SOURCE_COMPLETE_EXTERNAL_GATE,REAL_DEVICE_REQUIRED,V1_REQUIRED,Needs real Android hardware; UAT 0/50 executed (A05)
PCA-NFR-033,PCA-2+PCA-15,SOURCE_COMPLETE,PRODUCTION_COMPLETE,V1_REQUIRED,"Source complete, test-covered, no external gate"
PCA-NFR-034,PCA-2+PCA-15,SOURCE_COMPLETE_EXTERNAL_GATE,COMPLIANCE_REQUIRED,V1_REQUIRED,Legal/policy/store sign-off outstanding (A13)
PCA-NFR-040,PCA-16,SOURCE_COMPLETE,PRODUCTION_COMPLETE,V1_REQUIRED,"Source complete, test-covered, no external gate"
PCA-NFR-041,PCA-16,SOURCE_COMPLETE,PRODUCTION_COMPLETE,V1_REQUIRED,"Source complete, test-covered, no external gate"
PCA-NFR-042,PCA-16,SOURCE_COMPLETE,PRODUCTION_COMPLETE,V1_REQUIRED,"Source complete, test-covered, no external gate"
PCA-NFR-043,PCA-16,SOURCE_COMPLETE,PRODUCTION_COMPLETE,V1_REQUIRED,"Source complete, test-covered, no external gate"
PCA-NFR-044,PCA-16,SOURCE_COMPLETE_VALIDATION_PENDING,REAL_DEVICE_REQUIRED,V1_REQUIRED,Needs real Android hardware; UAT 0/50 executed (A05)
PCA-NFR-045,PCA-16,SOURCE_COMPLETE,PRODUCTION_COMPLETE,V1_REQUIRED,"Source complete, test-covered, no external gate"
PCA-NFR-050,PCA-0,SOURCE_COMPLETE,PRODUCTION_COMPLETE,V1_REQUIRED,"Source complete, no external gate; matrix carries NO testEvidence for this row - coverage unverified"
PCA-NFR-051,PCA-0+PCA-17,SOURCE_COMPLETE,PRODUCTION_COMPLETE,V1_REQUIRED,"Source complete, test-covered, no external gate"
PCA-NFR-052,PCA-0,SOURCE_COMPLETE,PRODUCTION_COMPLETE,V1_REQUIRED,"Source complete, no external gate; matrix carries NO testEvidence for this row - coverage unverified"
PCA-NFR-053,PCA-5+PCA-14,SOURCE_COMPLETE,SOURCE_COMPLETE_EXTERNAL_GATE,V1_REQUIRED,Fail-closed pending PCA-DEC-020/021 crypto review (A11)
PCA-NFR-054,PCA-0,SOURCE_COMPLETE,PRODUCTION_COMPLETE,V1_REQUIRED,"Source complete, test-covered, no external gate"
PCA-NFR-060,PCA-17+PCA-10,SOURCE_COMPLETE,COMPLIANCE_REQUIRED,V1_REQUIRED,Legal/policy/store sign-off outstanding (A13)
PCA-NFR-061,PCA-17+PCA-10,SOURCE_COMPLETE,PRODUCTION_COMPLETE,V1_REQUIRED,"Source complete, test-covered, no external gate"
PCA-NFR-062,PCA-17+PCA-10,SOURCE_COMPLETE_EXTERNAL_GATE,SOURCE_COMPLETE_EXTERNAL_GATE,V1_REQUIRED,Fail-closed pending PCA-DEC-020/021 crypto review (A11)
PCA-NFR-063,PCA-17+PCA-10,SOURCE_COMPLETE,PRODUCTION_COMPLETE,V1_REQUIRED,"Source complete, test-covered, no external gate"
PCA-NFR-064,PCA-17+PCA-10,SOURCE_COMPLETE,PRODUCTION_COMPLETE,V1_REQUIRED,"Source complete, test-covered, no external gate"
PCA-PRIV-001,PCA-8,SOURCE_COMPLETE,REAL_DEVICE_REQUIRED,V1_REQUIRED,Needs real Android hardware; UAT 0/50 executed (A05)
PCA-PRIV-002,PCA-5+PCA-17,SOURCE_COMPLETE,PRODUCTION_COMPLETE,V1_REQUIRED,"Source complete, test-covered, no external gate"
PCA-SEC-001,PCA-1,SOURCE_COMPLETE,PRODUCTION_COMPLETE,V1_REQUIRED,"Source complete, test-covered, no external gate"
PCA-SEC-002,PCA-2,SOURCE_COMPLETE,PRODUCTION_COMPLETE,V1_REQUIRED,"Source complete, no external gate; matrix carries NO testEvidence for this row - coverage unverified"
PCA-SEC-010,PCA-11,PARTIAL,SOURCE_COMPLETE_EXTERNAL_GATE,V1_REQUIRED,Fail-closed pending PCA-DEC-020/021 crypto review (A11)
PCA-SEC-011,PCA-11,PARTIAL,SOURCE_COMPLETE_EXTERNAL_GATE,V1_REQUIRED,Fail-closed pending PCA-DEC-020/021 crypto review (A11)
PCA-SEC-012,PCA-11,PARTIAL,SOURCE_COMPLETE_EXTERNAL_GATE,V1_REQUIRED,Fail-closed pending PCA-DEC-020/021 crypto review (A11)
PCA-SEC-013,PCA-11,PARTIAL,SOURCE_COMPLETE_EXTERNAL_GATE,V1_REQUIRED,Fail-closed pending PCA-DEC-020/021 crypto review (A11)
PCA-SEC-014,PCA-12,SOURCE_COMPLETE,PRODUCTION_COMPLETE,V1_REQUIRED,"Source complete, test-covered, no external gate"
PCA-SEC-015,PCA-13+PCA-15,SOURCE_COMPLETE,PRODUCTION_COMPLETE,V1_REQUIRED,"Source complete, test-covered, no external gate"
PCA-SEC-017,PCA-11,PARTIAL,SOURCE_COMPLETE_EXTERNAL_GATE,V1_REQUIRED,Fail-closed pending PCA-DEC-020/021 crypto review (A11)
PCA-SEC-018,PCA-13+PCA-15,SOURCE_COMPLETE,PRODUCTION_COMPLETE,V1_REQUIRED,"Source complete, test-covered, no external gate"
PCA-SEC-019,PCA-11,PARTIAL,SOURCE_COMPLETE_EXTERNAL_GATE,V1_REQUIRED,Fail-closed pending PCA-DEC-020/021 crypto review (A11)
PCA-SEC-020,PCA-13+PCA-15,PARTIAL,SOURCE_COMPLETE_EXTERNAL_GATE,V1_REQUIRED,Fail-closed pending PCA-DEC-020/021 crypto review (A11)
PCA-SEC-021,PCA-11,SOURCE_COMPLETE,PRODUCTION_COMPLETE,V1_REQUIRED,"Source complete, test-covered, no external gate"
PCA-SEC-022,PCA-11,PARTIAL,SOURCE_COMPLETE_EXTERNAL_GATE,V1_REQUIRED,Fail-closed pending PCA-DEC-020/021 crypto review (A11)
PCA-SEC-023,PCA-17,SOURCE_COMPLETE,PRODUCTION_COMPLETE,V1_REQUIRED,"Source complete, test-covered, no external gate"
PCA-SEC-024,PCA-13+PCA-15,SOURCE_COMPLETE,PRODUCTION_COMPLETE,V1_REQUIRED,"Source complete, no external gate; matrix carries NO testEvidence for this row - coverage unverified"
PCA-SEC-025,PCA-2,SOURCE_COMPLETE,PRODUCTION_COMPLETE,V1_REQUIRED,"Source complete, test-covered, no external gate"
PCA-SEC-026,PCA-12,SOURCE_COMPLETE,SOURCE_COMPLETE_EXTERNAL_GATE,V1_REQUIRED,Fail-closed pending PCA-DEC-020/021 crypto review (A11)
PCA-ADD-ENR-001,PCA-10,SOURCE_COMPLETE,PRODUCTION_COMPLETE,V1_REQUIRED,"Source complete, test-covered, no external gate"
PCA-ADD-ENR-002,PCA-1+PCA-10,SOURCE_COMPLETE,PRODUCTION_COMPLETE,V1_REQUIRED,"Source complete, test-covered, no external gate"
PCA-ADD-ENR-003,PCA-1+PCA-10,SOURCE_COMPLETE,PRODUCTION_COMPLETE,V1_REQUIRED,"Source complete, test-covered, no external gate"
PCA-ADD-ENR-004,PCA-1,SOURCE_COMPLETE,PRODUCTION_COMPLETE,V1_REQUIRED,"Source complete, test-covered, no external gate"
PCA-ADD-ENR-005,PCA-1,SOURCE_COMPLETE,PRODUCTION_COMPLETE,V1_REQUIRED,"Source complete, test-covered, no external gate"
PCA-ADD-ENR-006,PCA-1,SOURCE_COMPLETE,PRODUCTION_COMPLETE,V1_REQUIRED,"Source complete, test-covered, no external gate"
PCA-ADD-ENR-007,PCA-10,SOURCE_COMPLETE,PRODUCTION_COMPLETE,V1_REQUIRED,"Source complete, test-covered, no external gate"
PCA-ADD-ENR-008,PCA-1+PCA-2,PARTIAL,REAL_DEVICE_REQUIRED,V1_REQUIRED,Needs real Android hardware; UAT 0/50 executed (A05)
PCA-ADD-ENR-009,PCA-2,SOURCE_COMPLETE_EXTERNAL_GATE,SOURCE_COMPLETE_OWNER_DECISION,V1_REQUIRED,Blocked on a named owner decision (A19)
PCA-ADD-ENR-010,PCA-15,SOURCE_COMPLETE,IOS_ENTITLEMENT_REQUIRED,POST_V1,A6: host-app composition layer is unwritten code = POST_V1 source debt. Entitlement/device gate applies to runtime enforcement validation only; macOS+Xcode is NOT a gate (CI has a macos-14 runner).
PCA-ADD-ENR-011,PCA-10+PCA-16,SOURCE_COMPLETE,PRODUCTION_COMPLETE,V1_REQUIRED,"Source complete, test-covered, no external gate"
PCA-ADD-ENR-012,PCA-10+PCA-13,SOURCE_COMPLETE,PRODUCTION_COMPLETE,V1_REQUIRED,"Source complete, test-covered, no external gate"
PCA-ADD-ENR-013,PCA-10+PCA-11+PCA-13,SOURCE_COMPLETE,SOURCE_COMPLETE_EXTERNAL_GATE,V1_REQUIRED,Fail-closed pending PCA-DEC-020/021 crypto review (A11)
PCA-ADD-ENR-014,PCA-13,SOURCE_COMPLETE,PRODUCTION_COMPLETE,V1_REQUIRED,"Source complete, test-covered, no external gate"
PCA-ADD-ENR-015,PCA-13+PCA-17,SOURCE_COMPLETE,PRODUCTION_COMPLETE,V1_REQUIRED,"Source complete, test-covered, no external gate"
PCA-ADD-ENR-016,PCA-10+PCA-11+PCA-13,SOURCE_COMPLETE,PRODUCTION_COMPLETE,V1_REQUIRED,"Source complete, test-covered, no external gate"
PCA-ADD-ENR-017,PCA-10+PCA-11,SOURCE_COMPLETE,PRODUCTION_COMPLETE,V1_REQUIRED,"Source complete, test-covered, no external gate"
PCA-ADD-ENR-018,PCA-11+PCA-13,SOURCE_COMPLETE_EXTERNAL_GATE,SOURCE_COMPLETE_EXTERNAL_GATE,V1_REQUIRED,Fail-closed pending PCA-DEC-020/021 crypto review (A11)
PCA-ADD-ENR-019,PCA-2+PCA-10+PCA-13+PCA-15,SOURCE_COMPLETE_EXTERNAL_GATE,SOURCE_COMPLETE_EXTERNAL_GATE,V1_REQUIRED,Fail-closed pending PCA-DEC-020/021 crypto review (A11)
PCA-ADD-ENR-020,PCA-11+PCA-13,SOURCE_COMPLETE_EXTERNAL_GATE,SOURCE_COMPLETE_EXTERNAL_GATE,V1_REQUIRED,Fail-closed pending PCA-DEC-020/021 crypto review (A11)
PCA-ADD-ENR-021,PCA-10+PCA-13+PCA-15,SOURCE_COMPLETE,REAL_DEVICE_REQUIRED,V1_REQUIRED,Needs real Android hardware; UAT 0/50 executed (A05)
PCA-ADD-ENR-022,PCA-1+PCA-11,SOURCE_COMPLETE,PRODUCTION_COMPLETE,V1_REQUIRED,"Source complete, test-covered, no external gate"
PCA-ADD-ENR-023,PCA-1,SOURCE_COMPLETE,PRODUCTION_COMPLETE,V1_REQUIRED,"Source complete, test-covered, no external gate"
PCA-ADD-ENR-024,PCA-1+PCA-11+PCA-13,SOURCE_COMPLETE_EXTERNAL_GATE,SOURCE_COMPLETE_EXTERNAL_GATE,V1_REQUIRED,Fail-closed pending PCA-DEC-020/021 crypto review (A11)
PCA-ADD-ENR-025,PCA-1+PCA-2+PCA-10+PCA-11+PCA-13+PCA-15,SOURCE_COMPLETE_EXTERNAL_GATE,SOURCE_COMPLETE_EXTERNAL_GATE,V1_REQUIRED,Fail-closed pending PCA-DEC-020/021 crypto review (A11)
PCA-ADD-PA-001,PCA-PA-1,SOURCE_COMPLETE,PRODUCTION_COMPLETE,V1_REQUIRED,"Source complete, test-covered, no external gate"
PCA-ADD-PA-002,PCA-PA-1,SOURCE_COMPLETE,PRODUCTION_COMPLETE,V1_REQUIRED,"Source complete, test-covered, no external gate"
PCA-ADD-PA-003,PCA-PA-1,SOURCE_COMPLETE,PRODUCTION_COMPLETE,V1_REQUIRED,"Source complete, test-covered, no external gate"
PCA-ADD-PA-004,PCA-PA-1,SOURCE_COMPLETE,PRODUCTION_COMPLETE,V1_REQUIRED,"Source complete, test-covered, no external gate"
PCA-ADD-PA-005,PCA-PA-1,SOURCE_COMPLETE,PRODUCTION_COMPLETE,V1_REQUIRED,"Source complete, test-covered, no external gate"
PCA-ADD-PA-006,PCA-PA-1,SOURCE_COMPLETE,PRODUCTION_COMPLETE,V1_REQUIRED,"Source complete, test-covered, no external gate"
PCA-ADD-PA-007,PCA-PA-1,SOURCE_COMPLETE,PRODUCTION_COMPLETE,V1_REQUIRED,"Source complete, test-covered, no external gate"
PCA-ADD-PA-008,PCA-PA-1,SOURCE_COMPLETE,PRODUCTION_COMPLETE,V1_REQUIRED,"Source complete, test-covered, no external gate"
PCA-ADD-PA-009,PCA-PA-1,SOURCE_COMPLETE,PRODUCTION_COMPLETE,V1_REQUIRED,"Source complete, test-covered, no external gate"
PCA-ADD-PA-010,PCA-PA-1,SOURCE_COMPLETE,PRODUCTION_COMPLETE,V1_REQUIRED,"Source complete, test-covered, no external gate"
PCA-ADD-PA-011,PCA-PA-1,SOURCE_COMPLETE,PRODUCTION_COMPLETE,V1_REQUIRED,"Source complete, test-covered, no external gate"
PCA-ADD-PA-012,PCA-PA-1,SOURCE_COMPLETE,PRODUCTION_COMPLETE,V1_REQUIRED,"Source complete, test-covered, no external gate"
PCA-ADD-PA-013,PCA-PA-1,SOURCE_COMPLETE,PRODUCTION_COMPLETE,V1_REQUIRED,"Source complete, test-covered, no external gate"
PCA-ADD-PA-014,PCA-PA-1,SOURCE_COMPLETE,PRODUCTION_COMPLETE,V1_REQUIRED,"Source complete, test-covered, no external gate"
PCA-ADD-PA-015,PCA-PA-1,SOURCE_COMPLETE,PRODUCTION_COMPLETE,V1_REQUIRED,"Source complete, test-covered, no external gate"
PCA-ADD-PA-016,PCA-PA-1,SOURCE_COMPLETE,PRODUCTION_COMPLETE,V1_REQUIRED,"Source complete, test-covered, no external gate"
PCA-ADD-PA-017,PCA-PA-1,SOURCE_COMPLETE,PRODUCTION_COMPLETE,V1_REQUIRED,"Source complete, test-covered, no external gate"
PCA-ADD-PA-018,PCA-PA-1,SOURCE_COMPLETE,PRODUCTION_COMPLETE,V1_REQUIRED,"Source complete, test-covered, no external gate"
PCA-ADD-PA-019,PCA-PA-1,SOURCE_COMPLETE,PRODUCTION_COMPLETE,V1_REQUIRED,"Source complete, test-covered, no external gate"
PCA-ADD-PA-020,PCA-PA-1,SOURCE_COMPLETE,PRODUCTION_INFRA_REQUIRED,V1_REQUIRED,Needs deployed production infrastructure (A14)
PCA-ADD-PA-021,PCA-PA-2,SOURCE_COMPLETE,PRODUCTION_COMPLETE,V1_REQUIRED,"Source complete, test-covered, no external gate"
PCA-ADD-PA-022,PCA-PA-2,SOURCE_COMPLETE,PRODUCTION_COMPLETE,V1_REQUIRED,"Source complete, test-covered, no external gate"
PCA-ADD-PA-023,PCA-PA-2,SOURCE_COMPLETE,PRODUCTION_COMPLETE,V1_REQUIRED,"Source complete, test-covered, no external gate"
PCA-ADD-PA-024,PCA-PA-2,SOURCE_COMPLETE,PRODUCTION_COMPLETE,V1_REQUIRED,"Source complete, test-covered, no external gate"
PCA-ADD-PA-025,PCA-PA-2,SOURCE_COMPLETE,PRODUCTION_COMPLETE,V1_REQUIRED,"Source complete, test-covered, no external gate"
PCA-ADD-PA-026,PCA-PA-2,SOURCE_COMPLETE,PRODUCTION_COMPLETE,V1_REQUIRED,"Source complete, test-covered, no external gate"
PCA-ADD-PA-027,PCA-PA-2,SOURCE_COMPLETE,PRODUCTION_COMPLETE,V1_REQUIRED,"Source complete, test-covered, no external gate"
PCA-ADD-PA-028,PCA-PA-2,SOURCE_COMPLETE,PRODUCTION_COMPLETE,V1_REQUIRED,"Source complete, test-covered, no external gate"
PCA-ADD-PA-054,PCA-PA-2,SOURCE_COMPLETE,PRODUCTION_COMPLETE,V1_REQUIRED,"Source complete, test-covered, no external gate"
PCA-ADD-PA-029,PCA-PA-2,SOURCE_COMPLETE,PRODUCTION_COMPLETE,V1_REQUIRED,"Source complete, test-covered, no external gate"
PCA-ADD-PA-030,PCA-PA-2,SOURCE_COMPLETE,PRODUCTION_COMPLETE,V1_REQUIRED,"Source complete, test-covered, no external gate"
PCA-ADD-PA-031,PCA-PA-2,SOURCE_COMPLETE,PRODUCTION_COMPLETE,V1_REQUIRED,"Source complete, test-covered, no external gate"
PCA-ADD-PA-032,PCA-PA-2,SOURCE_COMPLETE,PRODUCTION_COMPLETE,V1_REQUIRED,"Source complete, test-covered, no external gate"
PCA-ADD-PA-049,PCA-PA-2,SOURCE_COMPLETE,PRODUCTION_COMPLETE,V1_REQUIRED,"Source complete, test-covered, no external gate"
PCA-ADD-PA-050,PCA-PA-2,SOURCE_COMPLETE,PRODUCTION_COMPLETE,V1_REQUIRED,"Source complete, test-covered, no external gate"
PCA-ADD-PA-033,PCA-PA-2,SOURCE_COMPLETE,PRODUCTION_COMPLETE,V1_REQUIRED,"Source complete, test-covered, no external gate"
PCA-ADD-PA-034,PCA-PA-2,SOURCE_COMPLETE,PRODUCTION_COMPLETE,V1_REQUIRED,"Source complete, test-covered, no external gate"
PCA-ADD-PA-035,PCA-PA-2,SOURCE_COMPLETE,PRODUCTION_COMPLETE,V1_REQUIRED,"Source complete, test-covered, no external gate"
PCA-ADD-PA-036,PCA-PA-2+PCA-BILL-2,SOURCE_COMPLETE,PRODUCTION_COMPLETE,V1_REQUIRED,"Source complete, test-covered, no external gate"
PCA-ADD-PA-037,PCA-PA-2+PCA-BILL-2,SOURCE_COMPLETE,PRODUCTION_COMPLETE,V1_REQUIRED,"Source complete, test-covered, no external gate"
PCA-ADD-PA-038,PCA-PA-2+PCA-BILL-2,SOURCE_COMPLETE,PRODUCTION_COMPLETE,V1_REQUIRED,"Source complete, test-covered, no external gate"
PCA-ADD-PA-039,PCA-PA-2+PCA-BILL-2,SOURCE_COMPLETE,PRODUCTION_COMPLETE,V1_REQUIRED,"Source complete, test-covered, no external gate"
PCA-ADD-PA-040,PCA-PA-2+PCA-BILL-2,SOURCE_COMPLETE,PRODUCTION_COMPLETE,V1_REQUIRED,"Source complete, test-covered, no external gate"
PCA-ADD-BILL-046,PCA-PA-2+PCA-BILL-2,SOURCE_COMPLETE,PRODUCTION_COMPLETE,V1_REQUIRED,"Source complete, test-covered, no external gate"
PCA-ADD-BILL-047,PCA-PA-2+PCA-BILL-2,SOURCE_COMPLETE,PRODUCTION_COMPLETE,V1_REQUIRED,"Source complete, no external gate; matrix carries NO testEvidence for this row - coverage unverified"
PCA-ADD-BILL-001,PCA-BILL-1,SOURCE_COMPLETE,PRODUCTION_COMPLETE,V1_REQUIRED,"Source complete, test-covered, no external gate"
PCA-ADD-BILL-045,PCA-BILL-1,SOURCE_COMPLETE,PRODUCTION_COMPLETE,V1_REQUIRED,"Source complete, test-covered, no external gate"
PCA-ADD-BILL-002,PCA-BILL-1,SOURCE_COMPLETE,PRODUCTION_COMPLETE,V1_REQUIRED,"Source complete, test-covered, no external gate"
PCA-ADD-BILL-005A,PCA-BILL-1,SOURCE_COMPLETE,PRODUCTION_COMPLETE,V1_REQUIRED,"Source complete, test-covered, no external gate"
PCA-ADD-BILL-003,PCA-BILL-1,SOURCE_COMPLETE,PRODUCTION_COMPLETE,V1_REQUIRED,"Source complete, test-covered, no external gate"
PCA-ADD-BILL-004,PCA-BILL-1,SOURCE_COMPLETE,PRODUCTION_COMPLETE,V1_REQUIRED,"Source complete, test-covered, no external gate"
PCA-ADD-BILL-005,PCA-BILL-1,SOURCE_COMPLETE,PRODUCTION_COMPLETE,V1_REQUIRED,"Source complete, test-covered, no external gate"
PCA-ADD-BILL-006,PCA-BILL-1,SOURCE_COMPLETE,PRODUCTION_COMPLETE,V1_REQUIRED,"Source complete, test-covered, no external gate"
PCA-ADD-BILL-007,PCA-BILL-1,SOURCE_COMPLETE,PRODUCTION_COMPLETE,V1_REQUIRED,"Source complete, test-covered, no external gate"
PCA-ADD-BILL-008,PCA-BILL-1,SOURCE_COMPLETE,PRODUCTION_COMPLETE,V1_REQUIRED,"Source complete, test-covered, no external gate"
PCA-ADD-BILL-009,PCA-BILL-1,SOURCE_COMPLETE,PRODUCTION_COMPLETE,V1_REQUIRED,"Source complete, test-covered, no external gate"
PCA-ADD-BILL-010,PCA-BILL-1,SOURCE_COMPLETE,PRODUCTION_COMPLETE,V1_REQUIRED,"Source complete, no external gate; matrix carries NO testEvidence for this row - coverage unverified"
PCA-ADD-BILL-011,PCA-BILL-1,SOURCE_COMPLETE,PRODUCTION_COMPLETE,V1_REQUIRED,"Source complete, test-covered, no external gate"
PCA-ADD-BILL-012,PCA-BILL-1,SOURCE_COMPLETE,PRODUCTION_COMPLETE,V1_REQUIRED,"Source complete, test-covered, no external gate"
PCA-ADD-BILL-013,PCA-BILL-1,SOURCE_COMPLETE,PRODUCTION_COMPLETE,V1_REQUIRED,"Source complete, test-covered, no external gate"
PCA-ADD-BILL-014,PCA-BILL-1,SOURCE_COMPLETE,PRODUCTION_COMPLETE,V1_REQUIRED,"Source complete, test-covered, no external gate"
PCA-ADD-BILL-043,PCA-BILL-1,SOURCE_COMPLETE,PRODUCTION_COMPLETE,V1_REQUIRED,"Source complete, test-covered, no external gate"
PCA-ADD-BILL-044,PCA-BILL-1,SOURCE_COMPLETE,PRODUCTION_COMPLETE,V1_REQUIRED,"Source complete, test-covered, no external gate"
PCA-ADD-BILL-015,PCA-BILL-1,SOURCE_COMPLETE,PRODUCTION_COMPLETE,V1_REQUIRED,"Source complete, test-covered, no external gate"
PCA-ADD-BILL-016,PCA-BILL-1,SOURCE_COMPLETE,PRODUCTION_COMPLETE,V1_REQUIRED,"Source complete, test-covered, no external gate"
PCA-ADD-BILL-017,PCA-BILL-1,SOURCE_COMPLETE,PRODUCTION_COMPLETE,V1_REQUIRED,"Source complete, test-covered, no external gate"
PCA-ADD-BILL-018,PCA-BILL-1,SOURCE_COMPLETE,PRODUCTION_COMPLETE,V1_REQUIRED,"Source complete, test-covered, no external gate"
PCA-ADD-BILL-019,PCA-BILL-1,SOURCE_COMPLETE,PRODUCTION_COMPLETE,V1_REQUIRED,"Source complete, test-covered, no external gate"
PCA-ADD-BILL-020,PCA-BILL-1,SOURCE_COMPLETE,PRODUCTION_COMPLETE,V1_REQUIRED,"Source complete, test-covered, no external gate"
PCA-ADD-BILL-021,PCA-BILL-1,SOURCE_COMPLETE,PRODUCTION_COMPLETE,V1_REQUIRED,"Source complete, test-covered, no external gate"
PCA-ADD-BILL-022,PCA-BILL-1,SOURCE_COMPLETE,COMMERCIAL_PROVIDER_REQUIRED,V1_OPTIONAL,No provider/merchant/bank; entitlement enforcement works without one (A12)
PCA-ADD-BILL-023,PCA-BILL-2,SOURCE_COMPLETE,PRODUCTION_COMPLETE,V1_REQUIRED,"Source complete, test-covered, no external gate"
PCA-ADD-BILL-024,PCA-BILL-2,SOURCE_COMPLETE,PRODUCTION_COMPLETE,V1_REQUIRED,"Source complete, test-covered, no external gate"
PCA-ADD-BILL-025,PCA-BILL-2,SOURCE_COMPLETE,PRODUCTION_COMPLETE,V1_REQUIRED,"Source complete, test-covered, no external gate"
PCA-ADD-BILL-026,PCA-BILL-2,SOURCE_COMPLETE,PRODUCTION_COMPLETE,V1_REQUIRED,"Source complete, test-covered, no external gate"
PCA-ADD-BILL-027,PCA-BILL-2,SOURCE_COMPLETE,COMMERCIAL_PROVIDER_REQUIRED,V1_OPTIONAL,No provider/merchant/bank; entitlement enforcement works without one (A12)
PCA-ADD-BILL-028,PCA-BILL-2,SOURCE_COMPLETE,COMMERCIAL_PROVIDER_REQUIRED,V1_OPTIONAL,No provider/merchant/bank; entitlement enforcement works without one (A12)
PCA-ADD-BILL-029,PCA-BILL-2,SOURCE_COMPLETE,COMMERCIAL_PROVIDER_REQUIRED,V1_OPTIONAL,No provider/merchant/bank; entitlement enforcement works without one (A12)
PCA-ADD-BILL-030,PCA-BILL-2,SOURCE_COMPLETE,PRODUCTION_COMPLETE,V1_REQUIRED,"Source complete, test-covered, no external gate"
PCA-ADD-BILL-031,PCA-BILL-2,SOURCE_COMPLETE,PRODUCTION_COMPLETE,V1_REQUIRED,"Source complete, test-covered, no external gate"
PCA-ADD-BILL-032,PCA-BILL-2,SOURCE_COMPLETE,PRODUCTION_COMPLETE,V1_REQUIRED,"Source complete, no external gate; matrix carries NO testEvidence for this row - coverage unverified"
PCA-ADD-BILL-033,PCA-BILL-2,SOURCE_COMPLETE,PRODUCTION_COMPLETE,V1_REQUIRED,"Source complete, no external gate; matrix carries NO testEvidence for this row - coverage unverified"
PCA-ADD-BILL-034,PCA-BILL-2,SOURCE_COMPLETE,PRODUCTION_COMPLETE,V1_REQUIRED,"Source complete, no external gate; matrix carries NO testEvidence for this row - coverage unverified"
PCA-ADD-BILL-035,PCA-BILL-2,SOURCE_COMPLETE,PRODUCTION_COMPLETE,V1_REQUIRED,"Source complete, test-covered, no external gate"
PCA-ADD-BILL-036,PCA-BILL-3,SOURCE_COMPLETE,COMMERCIAL_PROVIDER_REQUIRED,V1_OPTIONAL,No provider/merchant/bank; entitlement enforcement works without one (A12)
PCA-ADD-BILL-037,PCA-BILL-3,SOURCE_COMPLETE,COMMERCIAL_PROVIDER_REQUIRED,V1_OPTIONAL,No provider/merchant/bank; entitlement enforcement works without one (A12)
PCA-ADD-BILL-038,PCA-BILL-3,SOURCE_COMPLETE,COMMERCIAL_PROVIDER_REQUIRED,V1_OPTIONAL,No provider/merchant/bank; entitlement enforcement works without one (A12)
PCA-ADD-PA-041,PCA-PA-4,SOURCE_COMPLETE_EXTERNAL_GATE,PRODUCTION_INFRA_REQUIRED,V1_REQUIRED,Needs deployed production infrastructure (A14)
PCA-ADD-PA-042,PCA-PA-4,SOURCE_COMPLETE,PRODUCTION_COMPLETE,V1_REQUIRED,"Source complete, test-covered, no external gate"
PCA-ADD-PA-043,PCA-PA-3,SOURCE_COMPLETE,PRODUCTION_COMPLETE,V1_REQUIRED,"Source complete, test-covered, no external gate"
PCA-ADD-PA-044,PCA-PA-3,SOURCE_COMPLETE,PRODUCTION_COMPLETE,V1_REQUIRED,"Source complete, test-covered, no external gate"
PCA-ADD-PA-045,PCA-PA-1,SOURCE_COMPLETE,PRODUCTION_COMPLETE,V1_REQUIRED,"Source complete, test-covered, no external gate"
PCA-ADD-PA-046,PCA-PA-1,SOURCE_COMPLETE,PRODUCTION_COMPLETE,V1_REQUIRED,"Source complete, test-covered, no external gate"
PCA-ADD-BILL-039,PCA-MYKIDS-BILL-1,SOURCE_COMPLETE,PRODUCTION_COMPLETE,V1_REQUIRED,"Source complete, test-covered, no external gate"
PCA-ADD-PA-047,PCA-MYKIDS-BILL-1,SOURCE_COMPLETE,PRODUCTION_COMPLETE,V1_REQUIRED,"Source complete, test-covered, no external gate"
PCA-ADD-BILL-040,PCA-MYKIDS-BILL-1,SOURCE_COMPLETE,PRODUCTION_COMPLETE,V1_REQUIRED,"Source complete, test-covered, no external gate"
PCA-ADD-BILL-041,PCA-PA-1,SOURCE_COMPLETE_EXTERNAL_GATE,COMMERCIAL_PROVIDER_REQUIRED,V1_OPTIONAL,No provider/merchant/bank; entitlement enforcement works without one (A12)
PCA-ADD-PA-048,PCA-PA-1,SOURCE_COMPLETE,PRODUCTION_COMPLETE,V1_REQUIRED,"Source complete, test-covered, no external gate"
PCA-ADD-IDENT-001,PCA-AUTH-SESSION-1,SOURCE_COMPLETE,PRODUCTION_COMPLETE,V1_REQUIRED,"Source complete, test-covered, no external gate"
PCA-ADD-IDENT-002,PCA-AUTH-SESSION-1,SOURCE_COMPLETE,PRODUCTION_COMPLETE,V1_REQUIRED,"Source complete, test-covered, no external gate"
PCA-ADD-IDENT-003,PCA-AUTH-SESSION-1,SOURCE_COMPLETE,PRODUCTION_COMPLETE,V1_REQUIRED,"Source complete, test-covered, no external gate"
PCA-ADD-IDENT-004,PCA-AUTH-SESSION-1,SOURCE_COMPLETE,PRODUCTION_COMPLETE,V1_REQUIRED,"Source complete, test-covered, no external gate"
PCA-ADD-IDENT-005,PCA-AUTH-SESSION-1,SOURCE_COMPLETE,PRODUCTION_COMPLETE,V1_REQUIRED,"Source complete, test-covered, no external gate"
PCA-ADD-IDENT-006,PCA-AUTH-SESSION-1,SOURCE_COMPLETE,PRODUCTION_COMPLETE,V1_REQUIRED,"Source complete, test-covered, no external gate"
PCA-ADD-IDENT-007,PCA-AUTH-SESSION-1,SOURCE_COMPLETE,PRODUCTION_COMPLETE,V1_REQUIRED,"Source complete, test-covered, no external gate"
PCA-ADD-IDENT-008,PCA-AUTH-SESSION-1,SOURCE_COMPLETE,PRODUCTION_COMPLETE,V1_REQUIRED,"Source complete, test-covered, no external gate"
PCA-ADD-IDENT-009,PCA-AUTH-SESSION-1,SOURCE_COMPLETE_EXTERNAL_GATE,SOURCE_COMPLETE_EXTERNAL_GATE,V1_REQUIRED,Fail-closed pending PCA-DEC-020/021 crypto review (A11)
PCA-ADD-IDENT-010,PCA-AUTH-SESSION-1,SOURCE_COMPLETE,PRODUCTION_COMPLETE,V1_REQUIRED,"Source complete, test-covered, no external gate"
PCA-ADD-IDENT-011,PCA-AUTH-SESSION-1,SOURCE_COMPLETE,PRODUCTION_COMPLETE,V1_REQUIRED,"Source complete, no external gate; matrix carries NO testEvidence for this row - coverage unverified"
PCA-ADD-IDENT-012,PCA-AUTH-SESSION-1,SOURCE_COMPLETE,PRODUCTION_COMPLETE,V1_REQUIRED,"Source complete, test-covered, no external gate"
PCA-ADD-IDENT-013,PCA-AUTH-SESSION-1,SOURCE_COMPLETE,PRODUCTION_COMPLETE,V1_REQUIRED,"Source complete, test-covered, no external gate"
PCA-ADD-IDENT-014,PCA-AUTH-SESSION-1,SOURCE_COMPLETE,PRODUCTION_COMPLETE,V1_REQUIRED,"Source complete, test-covered, no external gate"
PCA-ADD-IDENT-015,PCA-AUTH-SESSION-1,SOURCE_COMPLETE,PRODUCTION_COMPLETE,V1_REQUIRED,"Source complete, test-covered, no external gate"
PCA-ADD-IDENT-016,PCA-AUTH-SESSION-1,SOURCE_COMPLETE,PRODUCTION_COMPLETE,V1_REQUIRED,"Source complete, test-covered, no external gate"
PCA-ADD-IDENT-017,PCA-AUTH-SESSION-1,SOURCE_COMPLETE,PRODUCTION_COMPLETE,V1_REQUIRED,"Source complete, test-covered, no external gate"
PCA-ADD-IDENT-018,PCA-AUTH-SESSION-1,SOURCE_COMPLETE,PRODUCTION_COMPLETE,V1_REQUIRED,"Source complete, test-covered, no external gate"
PCA-ADD-IDENT-019,PCA-AUTH-SESSION-1,SOURCE_COMPLETE,PRODUCTION_COMPLETE,V1_REQUIRED,"Source complete, test-covered, no external gate"
PCA-ADD-IDENT-020,PCA-AUTH-SESSION-1,SOURCE_COMPLETE,PRODUCTION_COMPLETE,V1_REQUIRED,"Source complete, test-covered, no external gate"
PCA-ADD-IDENT-021,PCA-AUTH-SESSION-1,SOURCE_COMPLETE,PRODUCTION_COMPLETE,V1_REQUIRED,"Source complete, test-covered, no external gate"
PCA-ADD-IDENT-022,PCA-AUTH-SESSION-1,SOURCE_COMPLETE,PRODUCTION_COMPLETE,V1_REQUIRED,"Source complete, test-covered, no external gate"
PCA-ADD-IDENT-023,PCA-AUTH-SESSION-1,SOURCE_COMPLETE,PRODUCTION_COMPLETE,V1_REQUIRED,"Source complete, test-covered, no external gate"
PCA-ADD-IDENT-024,PCA-AUTH-SESSION-1,SOURCE_COMPLETE,PRODUCTION_COMPLETE,V1_REQUIRED,"Source complete, test-covered, no external gate"
PCA-ADD-COMP-001,PCA-COMPLIMENTARY-ENTITLEMENTS-1,SOURCE_COMPLETE,PRODUCTION_COMPLETE,V1_REQUIRED,"Source complete, test-covered, no external gate"
PCA-ADD-COMP-002,PCA-COMPLIMENTARY-ENTITLEMENTS-1,SOURCE_COMPLETE,PRODUCTION_COMPLETE,V1_REQUIRED,"Source complete, test-covered, no external gate"
PCA-ADD-COMP-003,PCA-COMPLIMENTARY-ENTITLEMENTS-1,SOURCE_COMPLETE,PRODUCTION_COMPLETE,V1_REQUIRED,"Source complete, test-covered, no external gate"
PCA-ADD-COMP-004,PCA-COMPLIMENTARY-ENTITLEMENTS-1,SOURCE_COMPLETE,PRODUCTION_COMPLETE,V1_REQUIRED,"Source complete, test-covered, no external gate"
PCA-ADD-COMP-005,PCA-COMPLIMENTARY-ENTITLEMENTS-1,SOURCE_COMPLETE,PRODUCTION_COMPLETE,V1_REQUIRED,"Source complete, test-covered, no external gate"
PCA-ADD-COMP-006,PCA-COMPLIMENTARY-ENTITLEMENTS-1,SOURCE_COMPLETE,PRODUCTION_COMPLETE,V1_REQUIRED,"Source complete, test-covered, no external gate"
PCA-ADD-COMP-007,PCA-COMPLIMENTARY-ENTITLEMENTS-1,SOURCE_COMPLETE,PRODUCTION_COMPLETE,V1_REQUIRED,"Source complete, test-covered, no external gate"
PCA-ADD-COMP-008,PCA-COMPLIMENTARY-ENTITLEMENTS-1,SOURCE_COMPLETE,PRODUCTION_COMPLETE,V1_REQUIRED,"Source complete, test-covered, no external gate"
PCA-ADD-COMP-009,PCA-COMPLIMENTARY-ENTITLEMENTS-1,SOURCE_COMPLETE,PRODUCTION_COMPLETE,V1_REQUIRED,"Source complete, test-covered, no external gate"
PCA-ADD-COMP-010,PCA-COMPLIMENTARY-ENTITLEMENTS-1,SOURCE_COMPLETE,PRODUCTION_COMPLETE,V1_REQUIRED,"Source complete, test-covered, no external gate"
PCA-ADD-COMP-011,PCA-COMPLIMENTARY-ENTITLEMENTS-1,SOURCE_COMPLETE,PRODUCTION_COMPLETE,V1_REQUIRED,"Source complete, test-covered, no external gate"
PCA-ADD-COMP-012,PCA-COMPLIMENTARY-ENTITLEMENTS-1,SOURCE_COMPLETE,PRODUCTION_COMPLETE,V1_REQUIRED,"Source complete, test-covered, no external gate"
PCA-ADD-COMP-013,PCA-COMPLIMENTARY-ENTITLEMENTS-1,SOURCE_COMPLETE,PRODUCTION_COMPLETE,V1_REQUIRED,"Source complete, test-covered, no external gate"
PCA-ADD-COMP-014,PCA-COMPLIMENTARY-ENTITLEMENTS-1,SOURCE_COMPLETE,PRODUCTION_COMPLETE,V1_REQUIRED,"Source complete, test-covered, no external gate"
PCA-ADD-COMP-015,PCA-COMPLIMENTARY-ENTITLEMENTS-1,SOURCE_COMPLETE,PRODUCTION_COMPLETE,V1_REQUIRED,"Source complete, test-covered, no external gate"
PCA-ADD-COMP-016,PCA-COMPLIMENTARY-ENTITLEMENTS-1,SOURCE_COMPLETE,PRODUCTION_COMPLETE,V1_REQUIRED,"Source complete, test-covered, no external gate"
PCA-ADD-COMP-017,PCA-COMPLIMENTARY-ENTITLEMENTS-1,SOURCE_COMPLETE,PRODUCTION_COMPLETE,V1_REQUIRED,"Source complete, no external gate; matrix carries NO testEvidence for this row - coverage unverified"
PCA-ADD-COMP-018,PCA-COMPLIMENTARY-ENTITLEMENTS-1,SOURCE_COMPLETE,PRODUCTION_COMPLETE,V1_REQUIRED,"Source complete, test-covered, no external gate"
PCA-ADD-COMP-019,PCA-COMPLIMENTARY-ENTITLEMENTS-1,SOURCE_COMPLETE,PRODUCTION_COMPLETE,V1_REQUIRED,"Source complete, test-covered, no external gate"
PCA-ADD-COMP-020,PCA-COMPLIMENTARY-ENTITLEMENTS-1,SOURCE_COMPLETE,PRODUCTION_COMPLETE,V1_REQUIRED,"Source complete, test-covered, no external gate"
PCA-ADD-COMP-021,PCA-COMPLIMENTARY-ENTITLEMENTS-1,SOURCE_COMPLETE,PRODUCTION_COMPLETE,V1_REQUIRED,"Source complete, test-covered, no external gate"
PCA-ADD-COMP-022,PCA-COMPLIMENTARY-ENTITLEMENTS-1,SOURCE_COMPLETE,PRODUCTION_COMPLETE,V1_REQUIRED,"Source complete, test-covered, no external gate"
PCA-ADD-COMP-023,PCA-COMPLIMENTARY-ENTITLEMENTS-1,SOURCE_COMPLETE,PRODUCTION_COMPLETE,V1_REQUIRED,"Source complete, test-covered, no external gate"
PCA-ADD-COMP-024,PCA-COMPLIMENTARY-ENTITLEMENTS-1,SOURCE_COMPLETE,PRODUCTION_COMPLETE,V1_REQUIRED,"Source complete, test-covered, no external gate"
PCA-ADD-COMP-025,PCA-COMPLIMENTARY-ENTITLEMENTS-1,SOURCE_COMPLETE,PRODUCTION_COMPLETE,V1_REQUIRED,"Source complete, test-covered, no external gate"
PCA-FR-043B,PCA-4,SOURCE_COMPLETE,REAL_DEVICE_REQUIRED,V1_REQUIRED,Needs real Android hardware; UAT 0/50 executed (A05)
PCA-FR-043C,PCA-3+PCA-4,SOURCE_COMPLETE,IOS_ENTITLEMENT_REQUIRED,POST_V1,A6: host-app composition layer is unwritten code = POST_V1 source debt. Entitlement/device gate applies to runtime enforcement validation only; macOS+Xcode is NOT a gate (CI has a macos-14 runner).
PCA-FR-015A,PCA-3,SOURCE_COMPLETE,IOS_ENTITLEMENT_REQUIRED,POST_V1,A6: host-app composition layer is unwritten code = POST_V1 source debt. Entitlement/device gate applies to runtime enforcement validation only; macOS+Xcode is NOT a gate (CI has a macos-14 runner).
PCA-AND-003A,PCA-3,SOURCE_COMPLETE,REAL_DEVICE_REQUIRED,V1_REQUIRED,Needs real Android hardware; UAT 0/50 executed (A05)
