COPY_ID,PLATFORM,FILE,KEY_OR_LOCATION,LANGUAGE,CURRENT_TEXT,AUDIENCE,CURRENT_CONCEPT,FAMILY_TERM_PRESENT,TERM_NECESSARY,RISK_TYPE,RECOMMENDED_TEXT,ACTION,OWNER,STATUS,TEST_EVIDENCE
COPY-002,ParentWeb,parent-web/src/i18n/locales/en.json,RECOVERY_TERMINOLOGY_AUDIT.csv row 2,EN,not real family data,parent,System disclaimer about synthetic dev data scoped to the whole account. Legitimate account/authority/trust-boundary/billing scope spanning the whole family account — not child-specific data. Left unchanged per Owner instruction.,yes,yes,none,(no change),KEEP_LEGITIMATE_FAMILY_TERM,PPR-2 / writer82a (PCA-FR-112),PPR2_ALREADY_OWNS,"parent-web/tests/i18n/terminologyFamilyToChildren.test.ts, row 2 (branch pca-r2-writer82a-terminology-family-to-children-rewording-lane, NOT yet merged to pca-dev)"
COPY-003,ParentWeb,parent-web/src/i18n/locales/en.json,RECOVERY_TERMINOLOGY_AUDIT.csv row 3,EN,"""family"": ""Family""",parent,Account nav section label alongside Users & Members / Roles & Permissions / Devices. Legitimate account/authority/trust-boundary/billing scope spanning the whole family account — not child-specific data. Left unchanged per Owner instruction.,yes,yes,none,(no change),KEEP_LEGITIMATE_FAMILY_TERM,PPR-2 / writer82a (PCA-FR-112),PPR2_ALREADY_OWNS,"parent-web/tests/i18n/terminologyFamilyToChildren.test.ts, row 3 (branch pca-r2-writer82a-terminology-family-to-children-rewording-lane, NOT yet merged to pca-dev)"
COPY-004,ParentWeb,parent-web/src/i18n/locales/en.json,RECOVERY_TERMINOLOGY_AUDIT.csv row 4,EN,family authority gateway,parent,Legitimate account/authority/trust-boundary/billing scope spanning the whole family account — not child-specific data. Left unchanged per Owner instruction.,yes,yes,none,(no change),KEEP_LEGITIMATE_FAMILY_TERM,PPR-2 / writer82a (PCA-FR-112),PPR2_ALREADY_OWNS,"parent-web/tests/i18n/terminologyFamilyToChildren.test.ts, row 4 (branch pca-r2-writer82a-terminology-family-to-children-rewording-lane, NOT yet merged to pca-dev)"
COPY-005,ParentWeb,parent-web/src/i18n/locales/en.json,RECOVERY_TERMINOLOGY_AUDIT.csv row 5,EN,sensitive family-authority action,parent,Legitimate account/authority/trust-boundary/billing scope spanning the whole family account — not child-specific data. Left unchanged per Owner instruction.,yes,yes,none,(no change),KEEP_LEGITIMATE_FAMILY_TERM,PPR-2 / writer82a (PCA-FR-112),PPR2_ALREADY_OWNS,"parent-web/tests/i18n/terminologyFamilyToChildren.test.ts, row 5 (branch pca-r2-writer82a-terminology-family-to-children-rewording-lane, NOT yet merged to pca-dev)"
COPY-006,ParentWeb,parent-web/src/i18n/locales/en.json,RECOVERY_TERMINOLOGY_AUDIT.csv row 6,EN,family decryption authority,parent,Legitimate account/authority/trust-boundary/billing scope spanning the whole family account — not child-specific data. Left unchanged per Owner instruction.,yes,yes,none,(no change),KEEP_LEGITIMATE_FAMILY_TERM,PPR-2 / writer82a (PCA-FR-112),PPR2_ALREADY_OWNS,"parent-web/tests/i18n/terminologyFamilyToChildren.test.ts, row 6 (branch pca-r2-writer82a-terminology-family-to-children-rewording-lane, NOT yet merged to pca-dev)"
COPY-007,ParentWeb,parent-web/src/i18n/locales/en.json,RECOVERY_TERMINOLOGY_AUDIT.csv row 7,EN,Pairing this browser with the family is required before you can see family data,parent,Trusted-browser pairing / trust-boundary language. Legitimate account/authority/trust-boundary/billing scope spanning the whole family account — not child-specific data. Left unchanged per Owner instruction.,yes,yes,none,(no change),KEEP_LEGITIMATE_FAMILY_TERM,PPR-2 / writer82a (PCA-FR-112),PPR2_ALREADY_OWNS,"parent-web/tests/i18n/terminologyFamilyToChildren.test.ts, row 7 (branch pca-r2-writer82a-terminology-family-to-children-rewording-lane, NOT yet merged to pca-dev)"
COPY-008,ParentWeb,parent-web/src/i18n/locales/en.json,RECOVERY_TERMINOLOGY_AUDIT.csv row 8,EN,trusted and can decrypt family data,parent,Legitimate account/authority/trust-boundary/billing scope spanning the whole family account — not child-specific data. Left unchanged per Owner instruction.,yes,yes,none,(no change),KEEP_LEGITIMATE_FAMILY_TERM,PPR-2 / writer82a (PCA-FR-112),PPR2_ALREADY_OWNS,"parent-web/tests/i18n/terminologyFamilyToChildren.test.ts, row 8 (branch pca-r2-writer82a-terminology-family-to-children-rewording-lane, NOT yet merged to pca-dev)"
COPY-009,ParentWeb,parent-web/src/i18n/locales/en.json,RECOVERY_TERMINOLOGY_AUDIT.csv row 9,EN,does NOT by itself grant family decryption authority,parent,Legitimate account/authority/trust-boundary/billing scope spanning the whole family account — not child-specific data. Left unchanged per Owner instruction.,yes,yes,none,(no change),KEEP_LEGITIMATE_FAMILY_TERM,PPR-2 / writer82a (PCA-FR-112),PPR2_ALREADY_OWNS,"parent-web/tests/i18n/terminologyFamilyToChildren.test.ts, row 9 (branch pca-r2-writer82a-terminology-family-to-children-rewording-lane, NOT yet merged to pca-dev)"
COPY-010,ParentWeb,parent-web/src/i18n/locales/en.json,RECOVERY_TERMINOLOGY_AUDIT.csv row 10,EN,"""custom"": ""Family custom messages""",parent,"Classifies message authorship (family/parent-authored vs curated), not the child experience of receiving it. Legitimate account/authority/trust-boundary/billing scope spanning the whole family account — not child-specific data. Left unchanged per Owner instruction.",yes,yes,none,(no change),KEEP_LEGITIMATE_FAMILY_TERM,PPR-2 / writer82a (PCA-FR-112),PPR2_ALREADY_OWNS,"parent-web/tests/i18n/terminologyFamilyToChildren.test.ts, row 10 (branch pca-r2-writer82a-terminology-family-to-children-rewording-lane, NOT yet merged to pca-dev)"
COPY-011,ParentWeb,parent-web/src/i18n/locales/en.json,RECOVERY_TERMINOLOGY_AUDIT.csv row 11,EN,private family content,parent,"Privacy/security classification of content, not child-experience narrative. Legitimate account/authority/trust-boundary/billing scope spanning the whole family account — not child-specific data. Left unchanged per Owner instruction.",yes,yes,none,(no change),KEEP_LEGITIMATE_FAMILY_TERM,PPR-2 / writer82a (PCA-FR-112),PPR2_ALREADY_OWNS,"parent-web/tests/i18n/terminologyFamilyToChildren.test.ts, row 11 (branch pca-r2-writer82a-terminology-family-to-children-rewording-lane, NOT yet merged to pca-dev)"
COPY-012,ParentWeb,parent-web/src/i18n/locales/en.json,RECOVERY_TERMINOLOGY_AUDIT.csv row 12,EN,"""family"": { ""member"": ""Member"" ...",parent,Account member-management section (invite/remove/roles). Legitimate account/authority/trust-boundary/billing scope spanning the whole family account — not child-specific data. Left unchanged per Owner instruction.,yes,yes,none,(no change),KEEP_LEGITIMATE_FAMILY_TERM,PPR-2 / writer82a (PCA-FR-112),PPR2_ALREADY_OWNS,"parent-web/tests/i18n/terminologyFamilyToChildren.test.ts, row 12 (branch pca-r2-writer82a-terminology-family-to-children-rewording-lane, NOT yet merged to pca-dev)"
COPY-013,ParentWeb,parent-web/src/i18n/locales/en.json,RECOVERY_TERMINOLOGY_AUDIT.csv row 13,EN,unauthorizedFamilyScope,parent,Legitimate account/authority/trust-boundary/billing scope spanning the whole family account — not child-specific data. Left unchanged per Owner instruction.,yes,yes,none,(no change),KEEP_LEGITIMATE_FAMILY_TERM,PPR-2 / writer82a (PCA-FR-112),PPR2_ALREADY_OWNS,"parent-web/tests/i18n/terminologyFamilyToChildren.test.ts, row 13 (branch pca-r2-writer82a-terminology-family-to-children-rewording-lane, NOT yet merged to pca-dev)"
COPY-014,ParentWeb,parent-web/src/i18n/locales/en.json,RECOVERY_TERMINOLOGY_AUDIT.csv row 14,EN,Your family is over your managed-device limit,parent,Plan/entitlement limit language. Legitimate account/authority/trust-boundary/billing scope spanning the whole family account — not child-specific data. Left unchanged per Owner instruction.,yes,yes,none,(no change),KEEP_LEGITIMATE_FAMILY_TERM,PPR-2 / writer82a (PCA-FR-112),PPR2_ALREADY_OWNS,"parent-web/tests/i18n/terminologyFamilyToChildren.test.ts, row 14 (branch pca-r2-writer82a-terminology-family-to-children-rewording-lane, NOT yet merged to pca-dev)"
COPY-015,ParentWeb,parent-web/src/i18n/locales/en.json,RECOVERY_TERMINOLOGY_AUDIT.csv row 15,EN,Your family is over your parent-member limit,parent,Plan/entitlement limit language. Legitimate account/authority/trust-boundary/billing scope spanning the whole family account — not child-specific data. Left unchanged per Owner instruction.,yes,yes,none,(no change),KEEP_LEGITIMATE_FAMILY_TERM,PPR-2 / writer82a (PCA-FR-112),PPR2_ALREADY_OWNS,"parent-web/tests/i18n/terminologyFamilyToChildren.test.ts, row 15 (branch pca-r2-writer82a-terminology-family-to-children-rewording-lane, NOT yet merged to pca-dev)"
COPY-016,ParentWeb,parent-web/src/i18n/locales/en.json,RECOVERY_TERMINOLOGY_AUDIT.csv row 16,EN,Notification payloads never contain your children's activity detail,parent,Describes monitored CHILD activity data leaking (or not) into a push payload — genuinely child-data-facing; reworded from 'family activity detail'.,yes,no,scope-creep-to-household,(already implemented — text shown in CURRENT_TEXT is the corrected wording),REPLACE_WITH_CHILD_TERM,PPR-2 / writer82a (PCA-FR-112),PPR2_ALREADY_OWNS,"parent-web/tests/i18n/terminologyFamilyToChildren.test.ts, row 16 (branch pca-r2-writer82a-terminology-family-to-children-rewording-lane, NOT yet merged to pca-dev)"
COPY-017,ParentWeb,parent-web/src/i18n/locales/en.json,RECOVERY_TERMINOLOGY_AUDIT.csv row 17,EN,Family trust-set epoch,parent,Cryptographic trust-epoch label. Legitimate account/authority/trust-boundary/billing scope spanning the whole family account — not child-specific data. Left unchanged per Owner instruction.,yes,yes,none,(no change),KEEP_LEGITIMATE_FAMILY_TERM,PPR-2 / writer82a (PCA-FR-112),PPR2_ALREADY_OWNS,"parent-web/tests/i18n/terminologyFamilyToChildren.test.ts, row 17 (branch pca-r2-writer82a-terminology-family-to-children-rewording-lane, NOT yet merged to pca-dev)"
COPY-018,ParentWeb,parent-web/src/i18n/locales/en.json,RECOVERY_TERMINOLOGY_AUDIT.csv row 18,EN,only the family's own key material can open it,parent,Owner-cited example of language to leave unchanged verbatim.,yes,yes,none,(no change),KEEP_LEGITIMATE_FAMILY_TERM,PPR-2 / writer82a (PCA-FR-112),PPR2_ALREADY_OWNS,"parent-web/tests/i18n/terminologyFamilyToChildren.test.ts, row 18 (branch pca-r2-writer82a-terminology-family-to-children-rewording-lane, NOT yet merged to pca-dev)"
COPY-019,ParentWeb,parent-web/src/i18n/locales/en.json,RECOVERY_TERMINOLOGY_AUDIT.csv row 19,EN,Retention/deletion of your children's activity is enforced locally by the device holding the plaintext; this screen sets the family-level policy value,parent,"The retained/deleted DATA is the children's tracked activity (reworded); the policy SCOPE remains account-wide 'family-level policy' (kept) — one string, two legitimately different classifications.",yes,no,scope-creep-to-household,(already implemented — text shown in CURRENT_TEXT is the corrected wording),REPLACE_WITH_CHILD_TERM,PPR-2 / writer82a (PCA-FR-112),PPR2_ALREADY_OWNS,"parent-web/tests/i18n/terminologyFamilyToChildren.test.ts, row 19 (branch pca-r2-writer82a-terminology-family-to-children-rewording-lane, NOT yet merged to pca-dev)"
COPY-020,ParentWeb,parent-web/src/i18n/locales/en.json,RECOVERY_TERMINOLOGY_AUDIT.csv row 20,EN,Choose the retention window for this family,parent,"Retention window is a single account-wide setting, not per-child. Legitimate account/authority/trust-boundary/billing scope spanning the whole family account — not child-specific data. Left unchanged per Owner instruction.",yes,yes,none,(no change),KEEP_LEGITIMATE_FAMILY_TERM,PPR-2 / writer82a (PCA-FR-112),PPR2_ALREADY_OWNS,"parent-web/tests/i18n/terminologyFamilyToChildren.test.ts, row 20 (branch pca-r2-writer82a-terminology-family-to-children-rewording-lane, NOT yet merged to pca-dev)"
COPY-021,ParentWeb,parent-web/src/i18n/locales/en.json,RECOVERY_TERMINOLOGY_AUDIT.csv row 21,EN,"signed, one-time deletion instruction to your children's devices",parent,"Device-level technical behaviour; parent-web consistently says ""child device"" elsewhere — ""family devices"" was the outlier, reworded to match convention.",yes,no,scope-creep-to-household,(already implemented — text shown in CURRENT_TEXT is the corrected wording),REPLACE_WITH_CHILD_TERM,PPR-2 / writer82a (PCA-FR-112),PPR2_ALREADY_OWNS,"parent-web/tests/i18n/terminologyFamilyToChildren.test.ts, row 21 (branch pca-r2-writer82a-terminology-family-to-children-rewording-lane, NOT yet merged to pca-dev)"
COPY-022,ParentWeb,parent-web/src/i18n/locales/en.json,RECOVERY_TERMINOLOGY_AUDIT.csv row 22,EN,the accuracy level and frequency your family's policy sets,parent,"Describes the parent-configured policy, not child experience. Legitimate account/authority/trust-boundary/billing scope spanning the whole family account — not child-specific data. Left unchanged per Owner instruction.",yes,yes,none,(no change),KEEP_LEGITIMATE_FAMILY_TERM,PPR-2 / writer82a (PCA-FR-112),PPR2_ALREADY_OWNS,"parent-web/tests/i18n/terminologyFamilyToChildren.test.ts, row 22 (branch pca-r2-writer82a-terminology-family-to-children-rewording-lane, NOT yet merged to pca-dev)"
COPY-023,ParentWeb,parent-web/src/i18n/locales/en.json,RECOVERY_TERMINOLOGY_AUDIT.csv row 23,EN,every setting change made by any family member,parent,"Audit trail of actions taken BY family members (parents/admins/viewers), i.e. account-level actors. Legitimate account/authority/trust-boundary/billing scope spanning the whole family account — not child-specific data. Left unchanged per Owner instruction.",yes,yes,none,(no change),KEEP_LEGITIMATE_FAMILY_TERM,PPR-2 / writer82a (PCA-FR-112),PPR2_ALREADY_OWNS,"parent-web/tests/i18n/terminologyFamilyToChildren.test.ts, row 23 (branch pca-r2-writer82a-terminology-family-to-children-rewording-lane, NOT yet merged to pca-dev)"
COPY-024,ParentWeb,parent-web/src/i18n/locales/en.json,RECOVERY_TERMINOLOGY_AUDIT.csv row 24,EN,beyond what your family's own policy requests,parent,Legitimate account/authority/trust-boundary/billing scope spanning the whole family account — not child-specific data. Left unchanged per Owner instruction.,yes,yes,none,(no change),KEEP_LEGITIMATE_FAMILY_TERM,PPR-2 / writer82a (PCA-FR-112),PPR2_ALREADY_OWNS,"parent-web/tests/i18n/terminologyFamilyToChildren.test.ts, row 24 (branch pca-r2-writer82a-terminology-family-to-children-rewording-lane, NOT yet merged to pca-dev)"
COPY-025,ParentWeb,parent-web/src/i18n/locales/en.json,RECOVERY_TERMINOLOGY_AUDIT.csv row 25,EN,end-to-end encrypted between your family's own devices,parent,"Matches Owner-cited ""family decryption authority"" / key-material examples. Legitimate account/authority/trust-boundary/billing scope spanning the whole family account — not child-specific data. Left unchanged per Owner instruction.",yes,yes,none,(no change),KEEP_LEGITIMATE_FAMILY_TERM,PPR-2 / writer82a (PCA-FR-112),PPR2_ALREADY_OWNS,"parent-web/tests/i18n/terminologyFamilyToChildren.test.ts, row 25 (branch pca-r2-writer82a-terminology-family-to-children-rewording-lane, NOT yet merged to pca-dev)"
COPY-026,ParentWeb,parent-web/src/i18n/locales/en.json,RECOVERY_TERMINOLOGY_AUDIT.csv row 26,EN,Setting up your family...,parent,"Account creation/onboarding language, not child experience.",yes,yes,none,(no change),KEEP_LEGITIMATE_FAMILY_TERM,PPR-2 / writer82a (PCA-FR-112),PPR2_ALREADY_OWNS,"parent-web/tests/i18n/terminologyFamilyToChildren.test.ts, row 26 (branch pca-r2-writer82a-terminology-family-to-children-rewording-lane, NOT yet merged to pca-dev)"
COPY-027,ParentWeb,parent-web/src/i18n/locales/ar.json,RECOVERY_TERMINOLOGY_AUDIT.csv row 27,AR,ليست بيانات عائلية حقيقية,parent,Mirrors row 2.,yes,yes,none,(no change),KEEP_LEGITIMATE_FAMILY_TERM,PPR-2 / writer82a (PCA-FR-112),PPR2_ALREADY_OWNS,"parent-web/tests/i18n/terminologyFamilyToChildren.test.ts, row 27 (branch pca-r2-writer82a-terminology-family-to-children-rewording-lane, NOT yet merged to pca-dev)"
COPY-028,ParentWeb,parent-web/src/i18n/locales/ar.json,RECOVERY_TERMINOLOGY_AUDIT.csv row 28,AR,"""family"": ""العائلة""",parent,Mirrors row 3.,yes,yes,none,(no change),KEEP_LEGITIMATE_FAMILY_TERM,PPR-2 / writer82a (PCA-FR-112),PPR2_ALREADY_OWNS,"parent-web/tests/i18n/terminologyFamilyToChildren.test.ts, row 28 (branch pca-r2-writer82a-terminology-family-to-children-rewording-lane, NOT yet merged to pca-dev)"
COPY-029,ParentWeb,parent-web/src/i18n/locales/ar.json,RECOVERY_TERMINOLOGY_AUDIT.csv row 29,AR,بوابة سلطة العائلة,parent,Mirrors row 4.,yes,yes,none,(no change),KEEP_LEGITIMATE_FAMILY_TERM,PPR-2 / writer82a (PCA-FR-112),PPR2_ALREADY_OWNS,"parent-web/tests/i18n/terminologyFamilyToChildren.test.ts, row 29 (branch pca-r2-writer82a-terminology-family-to-children-rewording-lane, NOT yet merged to pca-dev)"
COPY-030,ParentWeb,parent-web/src/i18n/locales/ar.json,RECOVERY_TERMINOLOGY_AUDIT.csv row 30,AR,سلطة العائلة,parent,Mirrors row 5.,yes,yes,none,(no change),KEEP_LEGITIMATE_FAMILY_TERM,PPR-2 / writer82a (PCA-FR-112),PPR2_ALREADY_OWNS,"parent-web/tests/i18n/terminologyFamilyToChildren.test.ts, row 30 (branch pca-r2-writer82a-terminology-family-to-children-rewording-lane, NOT yet merged to pca-dev)"
COPY-031,ParentWeb,parent-web/src/i18n/locales/ar.json,RECOVERY_TERMINOLOGY_AUDIT.csv row 31,AR,بصلاحية فك تشفير بيانات العائلة,parent,Mirrors row 6.,yes,yes,none,(no change),KEEP_LEGITIMATE_FAMILY_TERM,PPR-2 / writer82a (PCA-FR-112),PPR2_ALREADY_OWNS,"parent-web/tests/i18n/terminologyFamilyToChildren.test.ts, row 31 (branch pca-r2-writer82a-terminology-family-to-children-rewording-lane, NOT yet merged to pca-dev)"
COPY-032,ParentWeb,parent-web/src/i18n/locales/ar.json,RECOVERY_TERMINOLOGY_AUDIT.csv row 32,AR,يلزم إقران هذا المتصفح بالعائلة,parent,Mirrors row 7.,yes,yes,none,(no change),KEEP_LEGITIMATE_FAMILY_TERM,PPR-2 / writer82a (PCA-FR-112),PPR2_ALREADY_OWNS,"parent-web/tests/i18n/terminologyFamilyToChildren.test.ts, row 32 (branch pca-r2-writer82a-terminology-family-to-children-rewording-lane, NOT yet merged to pca-dev)"
COPY-033,ParentWeb,parent-web/src/i18n/locales/ar.json,RECOVERY_TERMINOLOGY_AUDIT.csv row 33,AR,موثوق ويمكنه فك تشفير بيانات العائلة,parent,Mirrors row 8.,yes,yes,none,(no change),KEEP_LEGITIMATE_FAMILY_TERM,PPR-2 / writer82a (PCA-FR-112),PPR2_ALREADY_OWNS,"parent-web/tests/i18n/terminologyFamilyToChildren.test.ts, row 33 (branch pca-r2-writer82a-terminology-family-to-children-rewording-lane, NOT yet merged to pca-dev)"
COPY-034,ParentWeb,parent-web/src/i18n/locales/ar.json,RECOVERY_TERMINOLOGY_AUDIT.csv row 34,AR,لا يمنح بحد ذاته صلاحية فك تشفير بيانات العائلة,parent,Mirrors row 9.,yes,yes,none,(no change),KEEP_LEGITIMATE_FAMILY_TERM,PPR-2 / writer82a (PCA-FR-112),PPR2_ALREADY_OWNS,"parent-web/tests/i18n/terminologyFamilyToChildren.test.ts, row 34 (branch pca-r2-writer82a-terminology-family-to-children-rewording-lane, NOT yet merged to pca-dev)"
COPY-035,ParentWeb,parent-web/src/i18n/locales/ar.json,RECOVERY_TERMINOLOGY_AUDIT.csv row 35,AR,"""custom"": ""رسائل العائلة المخصصة""",parent,Mirrors row 10.,yes,yes,none,(no change),KEEP_LEGITIMATE_FAMILY_TERM,PPR-2 / writer82a (PCA-FR-112),PPR2_ALREADY_OWNS,"parent-web/tests/i18n/terminologyFamilyToChildren.test.ts, row 35 (branch pca-r2-writer82a-terminology-family-to-children-rewording-lane, NOT yet merged to pca-dev)"
COPY-036,ParentWeb,parent-web/src/i18n/locales/ar.json,RECOVERY_TERMINOLOGY_AUDIT.csv row 36,AR,محتوى عائلي خاص,parent,Mirrors row 11.,yes,yes,none,(no change),KEEP_LEGITIMATE_FAMILY_TERM,PPR-2 / writer82a (PCA-FR-112),PPR2_ALREADY_OWNS,"parent-web/tests/i18n/terminologyFamilyToChildren.test.ts, row 36 (branch pca-r2-writer82a-terminology-family-to-children-rewording-lane, NOT yet merged to pca-dev)"
COPY-037,ParentWeb,parent-web/src/i18n/locales/ar.json,RECOVERY_TERMINOLOGY_AUDIT.csv row 37,AR,"""family"": { ...",parent,Mirrors row 12 (family account member-management section).,yes,yes,none,(no change),KEEP_LEGITIMATE_FAMILY_TERM,PPR-2 / writer82a (PCA-FR-112),PPR2_ALREADY_OWNS,"parent-web/tests/i18n/terminologyFamilyToChildren.test.ts, row 37 (branch pca-r2-writer82a-terminology-family-to-children-rewording-lane, NOT yet merged to pca-dev)"
COPY-038,ParentWeb,parent-web/src/i18n/locales/ar.json,RECOVERY_TERMINOLOGY_AUDIT.csv row 38,AR,غير مخوَّل لنطاق العائلة المطلوب,parent,Mirrors row 13.,yes,yes,none,(no change),KEEP_LEGITIMATE_FAMILY_TERM,PPR-2 / writer82a (PCA-FR-112),PPR2_ALREADY_OWNS,"parent-web/tests/i18n/terminologyFamilyToChildren.test.ts, row 38 (branch pca-r2-writer82a-terminology-family-to-children-rewording-lane, NOT yet merged to pca-dev)"
COPY-039,ParentWeb,parent-web/src/i18n/locales/ar.json,RECOVERY_TERMINOLOGY_AUDIT.csv row 39,AR,تفاصيل نشاط أطفالك,parent,Mirrors row 16.,yes,no,scope-creep-to-household,(already implemented — text shown in CURRENT_TEXT is the corrected wording),REPLACE_WITH_CHILD_TERM,PPR-2 / writer82a (PCA-FR-112),PPR2_ALREADY_OWNS,"parent-web/tests/i18n/terminologyFamilyToChildren.test.ts, row 39 (branch pca-r2-writer82a-terminology-family-to-children-rewording-lane, NOT yet merged to pca-dev)"
COPY-040,ParentWeb,parent-web/src/i18n/locales/ar.json,RECOVERY_TERMINOLOGY_AUDIT.csv row 40,AR,مجموعة ثقة العائلة,parent,Mirrors row 17.,yes,yes,none,(no change),KEEP_LEGITIMATE_FAMILY_TERM,PPR-2 / writer82a (PCA-FR-112),PPR2_ALREADY_OWNS,"parent-web/tests/i18n/terminologyFamilyToChildren.test.ts, row 40 (branch pca-r2-writer82a-terminology-family-to-children-rewording-lane, NOT yet merged to pca-dev)"
COPY-041,ParentWeb,parent-web/src/i18n/locales/ar.json,RECOVERY_TERMINOLOGY_AUDIT.csv row 41,AR,مواد المفتاح الخاصة بالعائلة,parent,Mirrors row 18.,yes,yes,none,(no change),KEEP_LEGITIMATE_FAMILY_TERM,PPR-2 / writer82a (PCA-FR-112),PPR2_ALREADY_OWNS,"parent-web/tests/i18n/terminologyFamilyToChildren.test.ts, row 41 (branch pca-r2-writer82a-terminology-family-to-children-rewording-lane, NOT yet merged to pca-dev)"
COPY-042,ParentWeb,parent-web/src/i18n/locales/ar.json,RECOVERY_TERMINOLOGY_AUDIT.csv row 42,AR,الاحتفاظ بنشاط أطفالك وحذفه محلياً,parent,"Mirrors row 19; ""مستوى العائلة"" (family-level policy scope) deliberately preserved in the same sentence.",yes,no,scope-creep-to-household,(already implemented — text shown in CURRENT_TEXT is the corrected wording),REPLACE_WITH_CHILD_TERM,PPR-2 / writer82a (PCA-FR-112),PPR2_ALREADY_OWNS,"parent-web/tests/i18n/terminologyFamilyToChildren.test.ts, row 42 (branch pca-r2-writer82a-terminology-family-to-children-rewording-lane, NOT yet merged to pca-dev)"
COPY-043,ParentWeb,parent-web/src/i18n/locales/ar.json,RECOVERY_TERMINOLOGY_AUDIT.csv row 43,AR,اختر مدة الاحتفاظ لهذه العائلة,parent,Mirrors row 20.,yes,yes,none,(no change),KEEP_LEGITIMATE_FAMILY_TERM,PPR-2 / writer82a (PCA-FR-112),PPR2_ALREADY_OWNS,"parent-web/tests/i18n/terminologyFamilyToChildren.test.ts, row 43 (branch pca-r2-writer82a-terminology-family-to-children-rewording-lane, NOT yet merged to pca-dev)"
COPY-044,ParentWeb,parent-web/src/i18n/locales/ar.json,RECOVERY_TERMINOLOGY_AUDIT.csv row 44,AR,تعليمات حذف موقّعة لمرة واحدة إلى أجهزة أطفالك,parent,Mirrors row 21.,yes,no,scope-creep-to-household,(already implemented — text shown in CURRENT_TEXT is the corrected wording),REPLACE_WITH_CHILD_TERM,PPR-2 / writer82a (PCA-FR-112),PPR2_ALREADY_OWNS,"parent-web/tests/i18n/terminologyFamilyToChildren.test.ts, row 44 (branch pca-r2-writer82a-terminology-family-to-children-rewording-lane, NOT yet merged to pca-dev)"
COPY-045,ParentWeb,parent-web/src/i18n/locales/ar.json,RECOVERY_TERMINOLOGY_AUDIT.csv row 45,AR,كل تغيير في الإعدادات أجراه أي فرد من العائلة,parent,Mirrors row 23.,yes,yes,none,(no change),KEEP_LEGITIMATE_FAMILY_TERM,PPR-2 / writer82a (PCA-FR-112),PPR2_ALREADY_OWNS,"parent-web/tests/i18n/terminologyFamilyToChildren.test.ts, row 45 (branch pca-r2-writer82a-terminology-family-to-children-rewording-lane, NOT yet merged to pca-dev)"
COPY-046,PlatformAdmin,platform-admin-web/src/i18n/locales/en.json,RECOVERY_TERMINOLOGY_AUDIT.csv row 46,EN,Family/parent accounts cannot sign in here,operator,Account-type descriptor for the operator login screen. Legitimate account/authority/trust-boundary/billing scope spanning the whole family account — not child-specific data. Left unchanged per Owner instruction.,yes,yes,none,(no change),KEEP_LEGITIMATE_FAMILY_TERM,PPR-2 / writer82a (PCA-FR-112),PPR2_ALREADY_OWNS,"parent-web/tests/i18n/terminologyFamilyToChildren.test.ts, row 46 (branch pca-r2-writer82a-terminology-family-to-children-rewording-lane, NOT yet merged to pca-dev)"
COPY-047,PlatformAdmin,platform-admin-web/src/i18n/locales/en.json,RECOVERY_TERMINOLOGY_AUDIT.csv row 47,EN,suspend family account,operator,Legitimate account/authority/trust-boundary/billing scope spanning the whole family account — not child-specific data. Left unchanged per Owner instruction.,yes,yes,none,(no change),KEEP_LEGITIMATE_FAMILY_TERM,PPR-2 / writer82a (PCA-FR-112),PPR2_ALREADY_OWNS,"parent-web/tests/i18n/terminologyFamilyToChildren.test.ts, row 47 (branch pca-r2-writer82a-terminology-family-to-children-rewording-lane, NOT yet merged to pca-dev)"
COPY-048,PlatformAdmin,platform-admin-web/src/i18n/locales/en.json,RECOVERY_TERMINOLOGY_AUDIT.csv row 48,EN,reactivate family account,operator,Legitimate account/authority/trust-boundary/billing scope spanning the whole family account — not child-specific data. Left unchanged per Owner instruction.,yes,yes,none,(no change),KEEP_LEGITIMATE_FAMILY_TERM,PPR-2 / writer82a (PCA-FR-112),PPR2_ALREADY_OWNS,"parent-web/tests/i18n/terminologyFamilyToChildren.test.ts, row 48 (branch pca-r2-writer82a-terminology-family-to-children-rewording-lane, NOT yet merged to pca-dev)"
COPY-049,PlatformAdmin,platform-admin-web/src/i18n/locales/en.json,RECOVERY_TERMINOLOGY_AUDIT.csv row 49,EN,"""familyId"": ""Family ID""",operator,"Owner-cited example to leave unchanged verbatim (also an i18n KEY, never renamed).",yes,yes,none,(no change),KEEP_LEGITIMATE_FAMILY_TERM,PPR-2 / writer82a (PCA-FR-112),PPR2_ALREADY_OWNS,"parent-web/tests/i18n/terminologyFamilyToChildren.test.ts, row 49 (branch pca-r2-writer82a-terminology-family-to-children-rewording-lane, NOT yet merged to pca-dev)"
COPY-050,PlatformAdmin,platform-admin-web/src/i18n/locales/en.json,RECOVERY_TERMINOLOGY_AUDIT.csv row 50,EN,Account: {{familyId}},operator,"Template uses the {{familyId}} interpolation placeholder — internal identifier, never renamed.",yes,yes,none,(no change),KEEP_LEGITIMATE_FAMILY_TERM,PPR-2 / writer82a (PCA-FR-112),PPR2_ALREADY_OWNS,"parent-web/tests/i18n/terminologyFamilyToChildren.test.ts, row 50 (branch pca-r2-writer82a-terminology-family-to-children-rewording-lane, NOT yet merged to pca-dev)"
COPY-051,PlatformAdmin,platform-admin-web/src/i18n/locales/en.json,RECOVERY_TERMINOLOGY_AUDIT.csv row 51,EN,No account found with this family ID,operator,Legitimate account/authority/trust-boundary/billing scope spanning the whole family account — not child-specific data. Left unchanged per Owner instruction.,yes,yes,none,(no change),KEEP_LEGITIMATE_FAMILY_TERM,PPR-2 / writer82a (PCA-FR-112),PPR2_ALREADY_OWNS,"parent-web/tests/i18n/terminologyFamilyToChildren.test.ts, row 51 (branch pca-r2-writer82a-terminology-family-to-children-rewording-lane, NOT yet merged to pca-dev)"
COPY-052,PlatformAdmin,platform-admin-web/src/i18n/locales/en.json,RECOVERY_TERMINOLOGY_AUDIT.csv row 52,EN,"""familyIdLabel"": ""Family ID""",operator,Legitimate account/authority/trust-boundary/billing scope spanning the whole family account — not child-specific data. Left unchanged per Owner instruction.,yes,yes,none,(no change),KEEP_LEGITIMATE_FAMILY_TERM,PPR-2 / writer82a (PCA-FR-112),PPR2_ALREADY_OWNS,"parent-web/tests/i18n/terminologyFamilyToChildren.test.ts, row 52 (branch pca-r2-writer82a-terminology-family-to-children-rewording-lane, NOT yet merged to pca-dev)"
COPY-053,PlatformAdmin,platform-admin-web/src/i18n/locales/en.json,RECOVERY_TERMINOLOGY_AUDIT.csv row 53,EN,No entitlement record found for this family ID,operator,Billing/entitlement language. Legitimate account/authority/trust-boundary/billing scope spanning the whole family account — not child-specific data. Left unchanged per Owner instruction.,yes,yes,none,(no change),KEEP_LEGITIMATE_FAMILY_TERM,PPR-2 / writer82a (PCA-FR-112),PPR2_ALREADY_OWNS,"parent-web/tests/i18n/terminologyFamilyToChildren.test.ts, row 53 (branch pca-r2-writer82a-terminology-family-to-children-rewording-lane, NOT yet merged to pca-dev)"
COPY-054,PlatformAdmin,platform-admin-web/src/i18n/locales/en.json,RECOVERY_TERMINOLOGY_AUDIT.csv row 54,EN,"""STAFF_FAMILY"": ""Staff family""",operator,Legitimate account/authority/trust-boundary/billing scope spanning the whole family account — not child-specific data. Left unchanged per Owner instruction.,yes,yes,none,(no change),KEEP_LEGITIMATE_FAMILY_TERM,PPR-2 / writer82a (PCA-FR-112),PPR2_ALREADY_OWNS,"parent-web/tests/i18n/terminologyFamilyToChildren.test.ts, row 54 (branch pca-r2-writer82a-terminology-family-to-children-rewording-lane, NOT yet merged to pca-dev)"
COPY-055,PlatformAdmin,platform-admin-web/src/i18n/locales/en.json,RECOVERY_TERMINOLOGY_AUDIT.csv row 55,EN,A family can never grant capacity to itself,operator,Entitlement self-grant guard language. Legitimate account/authority/trust-boundary/billing scope spanning the whole family account — not child-specific data. Left unchanged per Owner instruction.,yes,yes,none,(no change),KEEP_LEGITIMATE_FAMILY_TERM,PPR-2 / writer82a (PCA-FR-112),PPR2_ALREADY_OWNS,"parent-web/tests/i18n/terminologyFamilyToChildren.test.ts, row 55 (branch pca-r2-writer82a-terminology-family-to-children-rewording-lane, NOT yet merged to pca-dev)"
COPY-056,PlatformAdmin,platform-admin-web/src/i18n/locales/en.json,RECOVERY_TERMINOLOGY_AUDIT.csv row 56,EN,Never shown to the family or to SUPPORT_ADMIN,operator,Internal Platform Administration context.,yes,yes,none,(no change),KEEP_LEGITIMATE_FAMILY_TERM,PPR-2 / writer82a (PCA-FR-112),PPR2_ALREADY_OWNS,"parent-web/tests/i18n/terminologyFamilyToChildren.test.ts, row 56 (branch pca-r2-writer82a-terminology-family-to-children-rewording-lane, NOT yet merged to pca-dev)"
COPY-057,PlatformAdmin,platform-admin-web/src/i18n/locales/ar.json,RECOVERY_TERMINOLOGY_AUDIT.csv row 57,AR,"""familyId"": ""معرّف الأسرة""",operator,Mirrors row 49.,yes,yes,none,(no change),KEEP_LEGITIMATE_FAMILY_TERM,PPR-2 / writer82a (PCA-FR-112),PPR2_ALREADY_OWNS,"parent-web/tests/i18n/terminologyFamilyToChildren.test.ts, row 57 (branch pca-r2-writer82a-terminology-family-to-children-rewording-lane, NOT yet merged to pca-dev)"
COPY-058,PlatformAdmin,platform-admin-web/src/i18n/locales/ar.json,RECOVERY_TERMINOLOGY_AUDIT.csv row 58,AR,الحساب: {{familyId}},operator,Mirrors row 50; {{familyId}} placeholder preserved.,yes,yes,none,(no change),KEEP_LEGITIMATE_FAMILY_TERM,PPR-2 / writer82a (PCA-FR-112),PPR2_ALREADY_OWNS,"parent-web/tests/i18n/terminologyFamilyToChildren.test.ts, row 58 (branch pca-r2-writer82a-terminology-family-to-children-rewording-lane, NOT yet merged to pca-dev)"
COPY-059,PlatformAdmin,platform-admin-web/src/i18n/locales/ar.json,RECOVERY_TERMINOLOGY_AUDIT.csv row 59,AR,"""familyIdLabel"": ""معرّف الأسرة""",operator,Mirrors row 52.,yes,yes,none,(no change),KEEP_LEGITIMATE_FAMILY_TERM,PPR-2 / writer82a (PCA-FR-112),PPR2_ALREADY_OWNS,"parent-web/tests/i18n/terminologyFamilyToChildren.test.ts, row 59 (branch pca-r2-writer82a-terminology-family-to-children-rewording-lane, NOT yet merged to pca-dev)"
COPY-060,PlatformAdmin,platform-admin-web/src/i18n/locales/ar.json,RECOVERY_TERMINOLOGY_AUDIT.csv row 60,AR,لم يتم العثور على سجل استحقاق بمعرّف الأسرة هذا,operator,Mirrors row 53.,yes,yes,none,(no change),KEEP_LEGITIMATE_FAMILY_TERM,PPR-2 / writer82a (PCA-FR-112),PPR2_ALREADY_OWNS,"parent-web/tests/i18n/terminologyFamilyToChildren.test.ts, row 60 (branch pca-r2-writer82a-terminology-family-to-children-rewording-lane, NOT yet merged to pca-dev)"
COPY-061,Android,android/app/src/main/res/values/strings.xml,RECOVERY_TERMINOLOGY_AUDIT.csv row 61,EN,queued to sync when the family connection is next available,child,"Describes network/backend connectivity of the account, not child experience; no natural child-centric substitute preserves meaning.",yes,yes,none,(no change),KEEP_LEGITIMATE_FAMILY_TERM,PPR-2 / writer82a (PCA-FR-112),PPR2_ALREADY_OWNS,"parent-web/tests/i18n/terminologyFamilyToChildren.test.ts, row 61 (branch pca-r2-writer82a-terminology-family-to-children-rewording-lane, NOT yet merged to pca-dev)"
COPY-062,Android,android/app/src/main/res/values/strings.xml,RECOVERY_TERMINOLOGY_AUDIT.csv row 62,EN,"wellbeing_category_family_help"">Family help",child,"Real-world referent is other family members, not the child — a Family->Children swap would corrupt the meaning.",yes,yes,none,(no change),KEEP_LEGITIMATE_FAMILY_TERM,PPR-2 / writer82a (PCA-FR-112),PPR2_ALREADY_OWNS,"parent-web/tests/i18n/terminologyFamilyToChildren.test.ts, row 62 (branch pca-r2-writer82a-terminology-family-to-children-rewording-lane, NOT yet merged to pca-dev)"
COPY-063,Android,android/app/src/main/res/values/strings.xml,RECOVERY_TERMINOLOGY_AUDIT.csv row 63,EN,a book that means a lot to your family,child,Genuine reference to the child's actual family; already natural child-facing (2nd-person) copy.,yes,yes,none,(no change),KEEP_LEGITIMATE_FAMILY_TERM,PPR-2 / writer82a (PCA-FR-112),PPR2_ALREADY_OWNS,"parent-web/tests/i18n/terminologyFamilyToChildren.test.ts, row 63 (branch pca-r2-writer82a-terminology-family-to-children-rewording-lane, NOT yet merged to pca-dev)"
COPY-064,Android,android/app/src/main/res/values/strings.xml,RECOVERY_TERMINOLOGY_AUDIT.csv row 64,EN,a short recitation or talk your family enjoys,child,Same as row 63.,yes,yes,none,(no change),KEEP_LEGITIMATE_FAMILY_TERM,PPR-2 / writer82a (PCA-FR-112),PPR2_ALREADY_OWNS,"parent-web/tests/i18n/terminologyFamilyToChildren.test.ts, row 64 (branch pca-r2-writer82a-terminology-family-to-children-rewording-lane, NOT yet merged to pca-dev)"
COPY-065,Android,android/app/src/main/res/values/strings.xml,RECOVERY_TERMINOLOGY_AUDIT.csv row 65,EN,Share something kind with a family member,child,Same as row 63.,yes,yes,none,(no change),KEEP_LEGITIMATE_FAMILY_TERM,PPR-2 / writer82a (PCA-FR-112),PPR2_ALREADY_OWNS,"parent-web/tests/i18n/terminologyFamilyToChildren.test.ts, row 65 (branch pca-r2-writer82a-terminology-family-to-children-rewording-lane, NOT yet merged to pca-dev)"
COPY-066,Android,android/app/src/main/res/values/strings.xml,RECOVERY_TERMINOLOGY_AUDIT.csv row 66,EN,Tell someone in your family one thing you appreciate,child,Same as row 63.,yes,yes,none,(no change),KEEP_LEGITIMATE_FAMILY_TERM,PPR-2 / writer82a (PCA-FR-112),PPR2_ALREADY_OWNS,"parent-web/tests/i18n/terminologyFamilyToChildren.test.ts, row 66 (branch pca-r2-writer82a-terminology-family-to-children-rewording-lane, NOT yet merged to pca-dev)"
COPY-067,Android,android/app/src/main/res/values/strings.xml,RECOVERY_TERMINOLOGY_AUDIT.csv row 67,EN,Help a family member with something small,child,Same as row 63.,yes,yes,none,(no change),KEEP_LEGITIMATE_FAMILY_TERM,PPR-2 / writer82a (PCA-FR-112),PPR2_ALREADY_OWNS,"parent-web/tests/i18n/terminologyFamilyToChildren.test.ts, row 67 (branch pca-r2-writer82a-terminology-family-to-children-rewording-lane, NOT yet merged to pca-dev)"
COPY-068,Android,android/app/src/main/res/values/strings.xml,RECOVERY_TERMINOLOGY_AUDIT.csv row 68,EN,Ask a family member if they need a hand,child,Same as row 63.,yes,yes,none,(no change),KEEP_LEGITIMATE_FAMILY_TERM,PPR-2 / writer82a (PCA-FR-112),PPR2_ALREADY_OWNS,"parent-web/tests/i18n/terminologyFamilyToChildren.test.ts, row 68 (branch pca-r2-writer82a-terminology-family-to-children-rewording-lane, NOT yet merged to pca-dev)"
COPY-069,Android,android/app/src/main/res/values/strings.xml,RECOVERY_TERMINOLOGY_AUDIT.csv row 69,EN,Help set or clear the table for a meal,child,"No ""family"" token present.",yes,yes,none,(no change),KEEP_LEGITIMATE_FAMILY_TERM,PPR-2 / writer82a (PCA-FR-112),PPR2_ALREADY_OWNS,"parent-web/tests/i18n/terminologyFamilyToChildren.test.ts, row 69 (branch pca-r2-writer82a-terminology-family-to-children-rewording-lane, NOT yet merged to pca-dev)"
COPY-070,Android,android/app/src/main/res/values/strings.xml,RECOVERY_TERMINOLOGY_AUDIT.csv row 70,EN,Help a younger sibling with something,child,"No ""family"" token present; already a specific, natural relationship term.",yes,yes,none,(no change),KEEP_LEGITIMATE_FAMILY_TERM,PPR-2 / writer82a (PCA-FR-112),PPR2_ALREADY_OWNS,"parent-web/tests/i18n/terminologyFamilyToChildren.test.ts, row 70 (branch pca-r2-writer82a-terminology-family-to-children-rewording-lane, NOT yet merged to pca-dev)"
COPY-071,Android,android/app/src/main/res/values/strings.xml,RECOVERY_TERMINOLOGY_AUDIT.csv row 71,EN,carry or organize something for a family member,child,Same as row 63.,yes,yes,none,(no change),KEEP_LEGITIMATE_FAMILY_TERM,PPR-2 / writer82a (PCA-FR-112),PPR2_ALREADY_OWNS,"parent-web/tests/i18n/terminologyFamilyToChildren.test.ts, row 71 (branch pca-r2-writer82a-terminology-family-to-children-rewording-lane, NOT yet merged to pca-dev)"
COPY-072,Android,android/app/src/main/res/values/strings.xml,RECOVERY_TERMINOLOGY_AUDIT.csv row 72,EN,helping with a family errand or project,child,Same as row 63.,yes,yes,none,(no change),KEEP_LEGITIMATE_FAMILY_TERM,PPR-2 / writer82a (PCA-FR-112),PPR2_ALREADY_OWNS,"parent-web/tests/i18n/terminologyFamilyToChildren.test.ts, row 72 (branch pca-r2-writer82a-terminology-family-to-children-rewording-lane, NOT yet merged to pca-dev)"
COPY-073,Android,android/app/src/main/res/values/strings.xml,RECOVERY_TERMINOLOGY_AUDIT.csv row 73,EN,this device isn't connected to your parent's settings right now,child,"Child-facing device banner (same screen as ""Ask a parent""); reworded from ""your family's settings"" to match the established parent-addressing convention on this surface.",yes,no,unnecessary-fear,(already implemented — text shown in CURRENT_TEXT is the corrected wording),REWRITE_FOR_CLARITY,PPR-2 / writer82a (PCA-FR-112),PPR2_ALREADY_OWNS,"parent-web/tests/i18n/terminologyFamilyToChildren.test.ts, row 73 (branch pca-r2-writer82a-terminology-family-to-children-rewording-lane, NOT yet merged to pca-dev)"
COPY-074,Android,android/app/src/main/res/values-ar/strings.xml,RECOVERY_TERMINOLOGY_AUDIT.csv row 74,AR,لمزامنته عند توفر اتصال العائلة,child,Mirrors row 61.,yes,yes,none,(no change),KEEP_LEGITIMATE_FAMILY_TERM,PPR-2 / writer82a (PCA-FR-112),PPR2_ALREADY_OWNS,"parent-web/tests/i18n/terminologyFamilyToChildren.test.ts, row 74 (branch pca-r2-writer82a-terminology-family-to-children-rewording-lane, NOT yet merged to pca-dev)"
COPY-075,Android,android/app/src/main/res/values-ar/strings.xml,RECOVERY_TERMINOLOGY_AUDIT.csv row 75,AR,"wellbeing_category_family_help"">مساعدة العائلة",child,Mirrors row 62.,yes,yes,none,(no change),KEEP_LEGITIMATE_FAMILY_TERM,PPR-2 / writer82a (PCA-FR-112),PPR2_ALREADY_OWNS,"parent-web/tests/i18n/terminologyFamilyToChildren.test.ts, row 75 (branch pca-r2-writer82a-terminology-family-to-children-rewording-lane, NOT yet merged to pca-dev)"
COPY-076,Android,android/app/src/main/res/values-ar/strings.xml,RECOVERY_TERMINOLOGY_AUDIT.csv row 76,AR,شارك شيئًا لطيفًا مع أحد أفراد العائلة,child,Mirrors row 65.,yes,yes,none,(no change),KEEP_LEGITIMATE_FAMILY_TERM,PPR-2 / writer82a (PCA-FR-112),PPR2_ALREADY_OWNS,"parent-web/tests/i18n/terminologyFamilyToChildren.test.ts, row 76 (branch pca-r2-writer82a-terminology-family-to-children-rewording-lane, NOT yet merged to pca-dev)"
COPY-077,Android,android/app/src/main/res/values-ar/strings.xml,RECOVERY_TERMINOLOGY_AUDIT.csv row 77,AR,اسأل أحد أفراد عائلتك,child,Mirrors row 68.,yes,yes,none,(no change),KEEP_LEGITIMATE_FAMILY_TERM,PPR-2 / writer82a (PCA-FR-112),PPR2_ALREADY_OWNS,"parent-web/tests/i18n/terminologyFamilyToChildren.test.ts, row 77 (branch pca-r2-writer82a-terminology-family-to-children-rewording-lane, NOT yet merged to pca-dev)"
COPY-078,Android,android/app/src/main/res/values-ar/strings.xml,RECOVERY_TERMINOLOGY_AUDIT.csv row 78,AR,ساعد في تجهيز الطاولة,child,Mirrors row 69.,yes,yes,none,(no change),KEEP_LEGITIMATE_FAMILY_TERM,PPR-2 / writer82a (PCA-FR-112),PPR2_ALREADY_OWNS,"parent-web/tests/i18n/terminologyFamilyToChildren.test.ts, row 78 (branch pca-r2-writer82a-terminology-family-to-children-rewording-lane, NOT yet merged to pca-dev)"
COPY-079,Android,android/app/src/main/res/values-ar/strings.xml,RECOVERY_TERMINOLOGY_AUDIT.csv row 79,AR,ساعد أخًا أو أختًا أصغر,child,Mirrors row 70.,yes,yes,none,(no change),KEEP_LEGITIMATE_FAMILY_TERM,PPR-2 / writer82a (PCA-FR-112),PPR2_ALREADY_OWNS,"parent-web/tests/i18n/terminologyFamilyToChildren.test.ts, row 79 (branch pca-r2-writer82a-terminology-family-to-children-rewording-lane, NOT yet merged to pca-dev)"
COPY-080,Android,android/app/src/main/res/values-ar/strings.xml,RECOVERY_TERMINOLOGY_AUDIT.csv row 80,AR,اعرض حمل أو ترتيب شيء لأحد أفراد العائلة,child,Mirrors row 71.,yes,yes,none,(no change),KEEP_LEGITIMATE_FAMILY_TERM,PPR-2 / writer82a (PCA-FR-112),PPR2_ALREADY_OWNS,"parent-web/tests/i18n/terminologyFamilyToChildren.test.ts, row 80 (branch pca-r2-writer82a-terminology-family-to-children-rewording-lane, NOT yet merged to pca-dev)"
COPY-081,Android,android/app/src/main/res/values-ar/strings.xml,RECOVERY_TERMINOLOGY_AUDIT.csv row 81,AR,اقضِ بعض الوقت في مساعدة العائلة بمهمة أو مشروع,child,Mirrors row 72.,yes,yes,none,(no change),KEEP_LEGITIMATE_FAMILY_TERM,PPR-2 / writer82a (PCA-FR-112),PPR2_ALREADY_OWNS,"parent-web/tests/i18n/terminologyFamilyToChildren.test.ts, row 81 (branch pca-r2-writer82a-terminology-family-to-children-rewording-lane, NOT yet merged to pca-dev)"
COPY-082,Android,android/app/src/main/res/values-ar/strings.xml,RECOVERY_TERMINOLOGY_AUDIT.csv row 82,AR,هذا الجهاز غير متصل حاليًا بإعدادات والديك,child,"Mirrors row 73; ""والديك"" (""your parents"") matches existing precedent in this same file (""أحد الوالدين"").",yes,no,unnecessary-fear,(already implemented — text shown in CURRENT_TEXT is the corrected wording),REWRITE_FOR_CLARITY,PPR-2 / writer82a (PCA-FR-112),PPR2_ALREADY_OWNS,"parent-web/tests/i18n/terminologyFamilyToChildren.test.ts, row 82 (branch pca-r2-writer82a-terminology-family-to-children-rewording-lane, NOT yet merged to pca-dev)"
COPY-200,ParentWeb,parent-web/index.html,"line 9 <meta name=""description"">",EN,"PCA Parent Console - manage family screen time, protection and wellbeing settings.",parent (browser tab / search preview),App's overall purpose statement,yes,"no — only children's screen time is managed, no other member",scope-creep-to-household,"PCA Parent Console - manage your children's screen time, protection and wellbeing settings.",REPLACE_WITH_CHILD_TERM,UNASSIGNED_PENDING_PPR2_HANDOFF,NOT_COVERED_BY_PPR2,NONE — read-only audit; no test written yet
COPY-201,ParentWeb,parent-web/public/offline.html,line 36,EN,No family data is cached here.,parent (offline fallback page),Reassurance that no child-monitoring data is cached locally while offline,yes,no — only child activity/monitoring data is ever synced,unnecessary-fear (implies broad household data exposure),No child data is cached here.,REPLACE_WITH_CHILD_TERM,UNASSIGNED_PENDING_PPR2_HANDOFF,NOT_COVERED_BY_PPR2,NONE — read-only audit; no test written yet
COPY-202,ParentWeb,parent-web/src/domain/roles.ts,"line 206, VIEWER_READ_ONLY_POLICY deny reason",EN,Viewers are read-only and cannot edit family policy.,parent (Viewer role),RBAC denial reason for editing the shared multi-child protection policy,yes,yes — genuinely the family-account-wide policy,none,(no change),KEEP_LEGITIMATE_FAMILY_TERM,UNASSIGNED_PENDING_PPR2_HANDOFF,LEGITIMATE_FAMILY_TERM,NONE — read-only audit; no test written yet
COPY-203,ParentWeb,parent-web/src/domain/roles.ts,"line 260, OWNER_ONLY_BILLING deny reason",EN,Billing and subscription self-service is Family-Owner-only by default...,parent (Administrator role),"RBAC billing permission scoped to the named ""Family Owner"" role",yes,yes — actual RBAC role name,none,(no change),KEEP_LEGITIMATE_FAMILY_TERM,UNASSIGNED_PENDING_PPR2_HANDOFF,LEGITIMATE_FAMILY_TERM,NONE — read-only audit; no test written yet
COPY-204,ParentWeb,parent-web/src/api/dev/fixtures.ts,"lines 386-387, curated-2 / FAMILY_HELP",EN+AR,"EN: ""Remember to check in with a family member."" / AR: ""تذكّر التواصل مع أحد أفراد العائلة.""",child (wellbeing nudge sample),Dev-only sample wellbeing suggestion encouraging the child to connect with a family member,yes,"yes — the message is genuinely about human family connection, not data",none,(no change),KEEP_LEGITIMATE_FAMILY_TERM,UNASSIGNED_PENDING_PPR2_HANDOFF,LEGITIMATE_FAMILY_TERM,NONE — read-only audit; no test written yet
COPY-205,ParentWeb,"parent-web/src/i18n/locales/{en,ar}.json",nav.groupFamily,EN+AR,"EN: ""Family"" / AR: ""العائلة""",parent,"Sidebar nav group heading for Children, Devices, Requests, Family Members, Roles & Permissions",yes,yes — bundles genuine family-account-admin pages,none,(no change),KEEP_LEGITIMATE_FAMILY_TERM,UNASSIGNED_PENDING_PPR2_HANDOFF,LEGITIMATE_FAMILY_TERM,NONE — read-only audit; no test written yet
COPY-206,ParentWeb,"parent-web/src/i18n/locales/{en,ar}.json",nav.familyMembers,EN+AR,"EN: ""Family Members"" / AR: ""أفراد العائلة""",parent,Nav label for multi-member account administration page,yes,yes,none,(no change),KEEP_LEGITIMATE_FAMILY_TERM,UNASSIGNED_PENDING_PPR2_HANDOFF,LEGITIMATE_FAMILY_TERM,NONE — read-only audit; no test written yet
COPY-207,ParentWeb,"parent-web/src/i18n/locales/{en,ar}.json (in-flight, uncommitted)",dashboard.sections.family,EN+AR,"EN: ""Your family"" / AR: ""عائلتك""",parent,Section heading (Dashboard.tsx:201-209) directly over a grid of ChildCard components — the list of the parent's children,yes,no — content rendered is exclusively children,scope-creep-to-household,"EN ""Your children"" / AR ""أطفالك""",REPLACE_WITH_CHILD_TERM,UNASSIGNED_PENDING_PPR2_HANDOFF,COPY_DEFECT_REMAINING,NONE — read-only audit; no test written yet
COPY-208,ParentWeb,"parent-web/src/i18n/locales/{en,ar}.json (in-flight, uncommitted)",dashboard.recentActivity,EN+AR,"EN: ""Recent family activity"" / AR: ""نشاط العائلة الأخير""",parent,ActivityCard.tsx title over a merged per-child timeline; component's own header comment states the privacy boundary is child-only,yes,no — only children's device activity is ever shown,unnecessary-fear / scope-creep-to-household,"EN ""Recent activity"" (or ""Recent child activity"") / AR ""النشاط الأخير"" (or ""نشاط الأطفال الأخير"")",REPLACE_WITH_CHILD_TERM,UNASSIGNED_PENDING_PPR2_HANDOFF,COPY_DEFECT_REMAINING,NONE — read-only audit; no test written yet
COPY-209,ParentWeb,"parent-web/src/i18n/locales/{en,ar}.json (in-flight, uncommitted)",deviceEnrollment.familyDataUnavailableTitle,EN+AR,"EN: ""We can't read your family profiles on this browser yet"" / AR: ""لا يمكننا قراءة ملفات عائلتك على هذا المتصفح بعد""",parent,Fail-closed empty-state title (AddDeviceWizard.tsx:229-238) when the child-picker list fails to load in enrollment step 0,yes,no — what's blocked is specifically child profiles for enrollment,unnecessary-fear (reads as broad private family surveillance data failing to load),"EN ""We can't read your children's profiles on this browser yet"" / AR ""لا يمكننا قراءة ملفات أطفالك على هذا المتصفح بعد""",REPLACE_WITH_CHILD_TERM,UNASSIGNED_PENDING_PPR2_HANDOFF,COPY_DEFECT_REMAINING,NONE — read-only audit; no test written yet
COPY-210,ParentWeb,"parent-web/src/i18n/locales/{en,ar}.json",deviceEnrollment.instruction2,EN+AR,"EN: ""Open it and choose \""Join a family\""."" / AR: ""افتحه واختر «الانضمام إلى عائلة».""",parent (relaying) + child (performing),Instruction quoting the child app's own control for joining the family's device/protection group,yes,yes — names the literal control that associates a device with the family account,none,(no change),KEEP_LEGITIMATE_FAMILY_TERM,UNASSIGNED_PENDING_PPR2_HANDOFF,LEGITIMATE_FAMILY_TERM,NONE — read-only audit; no test written yet
COPY-211,ParentWeb,"parent-web/src/i18n/locales/{en,ar}.json",deviceEnrollment.pairingPlain,EN+AR,"EN: ""Connecting this device links it to your family."" / AR: ""يربط توصيلُ هذا الجهاز به بعائلتك.""",parent,"Plain-language pairing summary, consistent with pre-existing ""family trust set"" security wording",yes,yes — consistent with the established family-account trust/security model,none,(no change),KEEP_LEGITIMATE_FAMILY_TERM,UNASSIGNED_PENDING_PPR2_HANDOFF,LEGITIMATE_FAMILY_TERM,NONE — read-only audit; no test written yet
COPY-212,ParentWeb,"parent-web/src/i18n/locales/{en,ar}.json",privacyHub.exportDesc,EN+AR,"EN: ""Get a copy of your family's data."" / AR: ""احصل على نسخة من بيانات عائلتك.""",parent,"Privacy Hub card teaser linking to /privacy/export, which exports only the child's retained activity/audit data",yes,"no — exported content is children's monitored activity, not other members' data",unnecessary-fear / scope-creep-to-household — the data-export surface is precisely where this framing matters most,"EN ""Get a copy of your children's data."" / AR ""احصل على نسخة من بيانات أطفالك.""",REPLACE_WITH_CHILD_TERM,UNASSIGNED_PENDING_PPR2_HANDOFF,COPY_DEFECT_REMAINING,NONE — read-only audit; no test written yet
COPY-213,Android,android/app/src/main/res/values-ar/persistence_strings.xml,delete_now_description (L10),AR,يحذف بياناتك العائلية المحفوظة محليًا بشكل نهائي للنطاق الذي تحدده.,"parent/admin (Settings, PIN-gated Delete Now screen)",Deleting locally-stored per-child device records,yes,"no — EN sibling string says ""children's data"", not ""family's data""","translation drift; inconsistent with neighboring delete_now_scope_family value ""كل الأطفال"" (All children)",يحذف بيانات أطفالك المخزّنة محليًا بشكل نهائي للنطاق الذي تحدده.,TRANSLATION_FIX,UNASSIGNED_PENDING_PPR2_HANDOFF,COPY_DEFECT_REMAINING,NONE — read-only audit; no test written yet
COPY-214,Android,android/app/src/main/res/values/wellbeing_control_strings.xml,wellbeing_policy_sync_state_active (L15),EN,Your family's current wellbeing settings are active.,child,Sync state of wellbeing policy pushed by a parent for this child,yes,"no — sibling string in same file says ""from a parent"" (singular)",unnecessary broadening implies siblings/whole household share these settings,Your current wellbeing settings are active.,REMOVE_UNNECESSARY_SENSITIVE_WORDING,UNASSIGNED_PENDING_PPR2_HANDOFF,COPY_DEFECT_REMAINING,NONE — read-only audit; no test written yet
COPY-215,Android,android/app/src/main/res/values-ar/wellbeing_control_strings.xml,wellbeing_policy_sync_state_active (L12),AR,إعدادات الرفاهية الحالية لعائلتك مفعّلة.,child,Same as EN sibling row,yes,no,same as EN sibling row,إعداداتك الحالية للرفاهية مفعّلة.,REMOVE_UNNECESSARY_SENSITIVE_WORDING,UNASSIGNED_PENDING_PPR2_HANDOFF,COPY_DEFECT_REMAINING,NONE — read-only audit; no test written yet
COPY-216,Android,android/app/src/main/res/values/wellbeing_control_strings.xml,wellbeing_custom_message_not_available_in_language (L22),EN,This family message isn't available in your current language yet.,parent (diagnostic surface per file's own doc comment),Locale-availability notice for a parent-authored custom wellbeing message,yes,"no — file's own comment calls this ""Custom (parent-authored) message""","vague/incorrect scope word, inconsistent with file terminology",This custom message isn't available in your current language yet.,REMOVE_UNNECESSARY_SENSITIVE_WORDING,UNASSIGNED_PENDING_PPR2_HANDOFF,COPY_DEFECT_REMAINING,NONE — read-only audit; no test written yet
COPY-217,Android,android/app/src/main/res/values-ar/wellbeing_control_strings.xml,wellbeing_custom_message_not_available_in_language (L17),AR,هذه الرسالة العائلية غير متوفرة بلغتك الحالية بعد.,parent,Same as EN sibling row,yes,no,same as EN sibling row,هذه الرسالة المخصّصة غير متوفرة بلغتك الحالية بعد.,REMOVE_UNNECESSARY_SENSITIVE_WORDING,UNASSIGNED_PENDING_PPR2_HANDOFF,COPY_DEFECT_REMAINING,NONE — read-only audit; no test written yet
COPY-218,Android,android/app/src/main/java/org/pca/app/feature/webprotection/policy/WebReasonCodes.kt,WebReasonId.PARENT_ALLOWLIST (L12),EN,allowed by your family's allow list,child (rendered on SafeBrowserScreen.kt:240 block/allow reason text),"Reason a site was allowed, from a rule the enum itself names PARENT_ALLOWLIST",yes,"no — the underlying WebReasonId is explicitly parent-scoped, not family-scoped","over-broadens a parent-set rule into ""your family,"" reads as unspecified relatives/siblings controlling the child's browsing",allowed by your parent's allow list,REWRITE_FOR_CLARITY,UNASSIGNED_PENDING_PPR2_HANDOFF,COPY_DEFECT_REMAINING,"Identical wording mirrored in backend/src/i18n/messages/en.ts:18 (web.PARENT_ALLOWLIST) — fix both together, see COPY-2xx backend rows"
COPY-219,Android,android/app/src/main/java/org/pca/app/feature/webprotection/policy/WebReasonCodes.kt,WebReasonId.PARENT_DENYLIST (L13),EN,blocked by your family's block list,child,"Reason a site was blocked, from PARENT_DENYLIST",yes,no,same as PARENT_ALLOWLIST row,blocked by your parent's block list,REWRITE_FOR_CLARITY,UNASSIGNED_PENDING_PPR2_HANDOFF,COPY_DEFECT_REMAINING,Identical wording mirrored in backend/src/i18n/messages/en.ts:19 (web.PARENT_DENYLIST)
COPY-220,Android,android/app/src/main/java/org/pca/app/feature/webprotection/policy/WebReasonCodes.kt,WebReasonId.CATEGORY_RULE (L14),EN,blocked by your family's content category rule,child,Content-category block reason,yes,no,same as PARENT_ALLOWLIST row,blocked by your parent's content category rule,REWRITE_FOR_CLARITY,UNASSIGNED_PENDING_PPR2_HANDOFF,COPY_DEFECT_REMAINING,Identical wording mirrored in backend/src/i18n/messages/en.ts:20 (web.CATEGORY_RULE)
COPY-221,Android,android/app/src/main/java/org/pca/app/feature/webprotection/policy/WebReasonCodes.kt,WebReasonId.SCHEDULE_RULE (L15),EN,blocked by your family's schedule rule,child,Schedule-window block reason,yes,no,same as PARENT_ALLOWLIST row,blocked by your parent's schedule rule,REWRITE_FOR_CLARITY,UNASSIGNED_PENDING_PPR2_HANDOFF,COPY_DEFECT_REMAINING,Identical wording mirrored in backend/src/i18n/messages/en.ts:21 (web.SCHEDULE_RULE)
COPY-222,Android,android/app/src/main/java/org/pca/app/feature/webprotection/policy/WebReasonCodes.kt,WebReasonId.CLASSIFIER (L16),EN,blocked by your family's explicit-content rule,child,Explicit-content classifier block reason,yes,no,same as PARENT_ALLOWLIST row,blocked by your parent's explicit-content rule,REWRITE_FOR_CLARITY,UNASSIGNED_PENDING_PPR2_HANDOFF,COPY_DEFECT_REMAINING,Identical wording mirrored in backend/src/i18n/messages/en.ts:22 (web.CLASSIFIER)
COPY-223,Android,android/app/src/main/java/org/pca/app/feature/webprotection/policy/WebReasonCodes.kt,WebReasonId.PARENT_ALLOWLIST (L23),AR,مسموح به بواسطة قائمة السماح الخاصة بعائلتك,child,Same as EN row,yes,no,"also inconsistent with app's own established Arabic term ""ولي الأمر"" used elsewhere",مسموح به بواسطة قائمة السماح الخاصة بولي أمرك,REWRITE_FOR_CLARITY,UNASSIGNED_PENDING_PPR2_HANDOFF,COPY_DEFECT_REMAINING,Identical wording mirrored in backend/src/i18n/messages/ar.ts:12
COPY-224,Android,android/app/src/main/java/org/pca/app/feature/webprotection/policy/WebReasonCodes.kt,WebReasonId.PARENT_DENYLIST (L24),AR,محظور بواسطة قائمة الحظر الخاصة بعائلتك,child,Same as EN row,yes,no,same as above,محظور بواسطة قائمة الحظر الخاصة بولي أمرك,REWRITE_FOR_CLARITY,UNASSIGNED_PENDING_PPR2_HANDOFF,COPY_DEFECT_REMAINING,Identical wording mirrored in backend/src/i18n/messages/ar.ts:13
COPY-225,Android,android/app/src/main/java/org/pca/app/feature/webprotection/policy/WebReasonCodes.kt,WebReasonId.CATEGORY_RULE (L25),AR,محظور بواسطة قاعدة تصنيف المحتوى الخاصة بعائلتك,child,Same as EN row,yes,no,same as above,محظور بواسطة قاعدة تصنيف المحتوى الخاصة بولي أمرك,REWRITE_FOR_CLARITY,UNASSIGNED_PENDING_PPR2_HANDOFF,COPY_DEFECT_REMAINING,Identical wording mirrored in backend/src/i18n/messages/ar.ts:14
COPY-226,Android,android/app/src/main/java/org/pca/app/feature/webprotection/policy/WebReasonCodes.kt,WebReasonId.SCHEDULE_RULE (L26),AR,محظور بواسطة قاعدة الجدول الزمني الخاصة بعائلتك,child,Same as EN row,yes,no,same as above,محظور بواسطة قاعدة الجدول الزمني الخاصة بولي أمرك,REWRITE_FOR_CLARITY,UNASSIGNED_PENDING_PPR2_HANDOFF,COPY_DEFECT_REMAINING,Identical wording mirrored in backend/src/i18n/messages/ar.ts:15
COPY-227,Android,android/app/src/main/java/org/pca/app/feature/webprotection/policy/WebReasonCodes.kt,WebReasonId.CLASSIFIER (L27),AR,محظور بواسطة قاعدة المحتوى الصريح الخاصة بعائلتك,child,Same as EN row,yes,no,same as above,محظور بواسطة قاعدة المحتوى الصريح الخاصة بولي أمرك,REWRITE_FOR_CLARITY,UNASSIGNED_PENDING_PPR2_HANDOFF,COPY_DEFECT_REMAINING,Identical wording mirrored in backend/src/i18n/messages/ar.ts:16
COPY-228,Android,android/app/src/main/res/values/persistence_strings.xml,audit_export_description (L31),EN,"Saves a local record of this family's policy, role, retention, and deletion actions and tamper events as a JSON file...","parent/admin (Settings, PIN-gated audit-export screen)","Full account-level audit trail spanning roles, policy, retention, deletion, tamper events across the whole family account",yes,"yes — genuinely spans family-account role administration, not one child's device data",none,(no change),KEEP_LEGITIMATE_FAMILY_TERM,UNASSIGNED_PENDING_PPR2_HANDOFF,LEGITIMATE_FAMILY_TERM,NONE — read-only audit; no test written yet
COPY-229,Android,android/app/src/main/res/values-ar/persistence_strings.xml,audit_export_description (L31),AR,...الخاصة بهذه العائلة...,parent/admin,"Same as EN sibling row, correctly consistent",yes,yes,none,(no change),KEEP_LEGITIMATE_FAMILY_TERM,UNASSIGNED_PENDING_PPR2_HANDOFF,LEGITIMATE_FAMILY_TERM,NONE — read-only audit; no test written yet
COPY-230,Android,android/app/src/main/res/values/runtime_strings.xml,child_home_sync_status (L58),EN,Family sync,child (Child Home status row),Connectivity/sync status with the family-account backend/relay,yes,"borderline-yes — labels sync with the shared family-account backend, not a surveillance claim",low — neutral technical status label,"(no change; ""Parent sync"" is a defensible alternative but not required)",KEEP_LEGITIMATE_FAMILY_TERM,UNASSIGNED_PENDING_PPR2_HANDOFF,LEGITIMATE_FAMILY_TERM,NONE — read-only audit; no test written yet
COPY-231,Android,android/app/src/main/res/values-ar/runtime_strings.xml,child_home_sync_status (L55),AR,مزامنة العائلة,child,Same as EN sibling row,yes,borderline-yes,low,(no change),KEEP_LEGITIMATE_FAMILY_TERM,UNASSIGNED_PENDING_PPR2_HANDOFF,LEGITIMATE_FAMILY_TERM,NONE — read-only audit; no test written yet
COPY-232,Android,android/app/src/main/res/values/wellbeing_control_strings.xml,wellbeing_category_parent_custom_other (L12),EN,Family idea,child,Activity-suggestion category label (a suggestion about doing something with family),yes,"yes — genuinely a family-activity category, not a data/monitoring framing",none,(no change),KEEP_LEGITIMATE_FAMILY_TERM,UNASSIGNED_PENDING_PPR2_HANDOFF,LEGITIMATE_FAMILY_TERM,NONE — read-only audit; no test written yet
COPY-233,Android,android/app/src/main/res/values-ar/wellbeing_control_strings.xml,wellbeing_category_parent_custom_other (L10),AR,فكرة عائلية,child,Same as EN sibling row,yes,yes,none,(no change),KEEP_LEGITIMATE_FAMILY_TERM,UNASSIGNED_PENDING_PPR2_HANDOFF,LEGITIMATE_FAMILY_TERM,NONE — read-only audit; no test written yet
COPY-234,iOS,ios/PCA/Protection/AntiRemovalClaimCopy.swift,lines 35-38 (mirrored in Localizable.xcstrings),EN+AR,"""This is not a claim that PCA can never be removed from this device. A parent or guardian can always remove PCA through Apple's supported Family Controls settings and account recovery path...""","child (Removal Protection screen, every authorization state)",Names the actual Apple permission a parent uses to remove the app,yes,yes — literal Apple framework/permission name,"none — technical term, not a data/surveillance claim",(no change),KEEP_LEGITIMATE_FAMILY_TERM,UNASSIGNED_PENDING_PPR2_HANDOFF,LEGITIMATE_FAMILY_TERM,NONE — read-only audit; no test written yet
COPY-235,iOS,ios/PCA/Protection/AntiRemovalClaimCopy.swift,lines 55-56,EN+AR,"""Your parent or guardian has authorized PCA for this child account through Family Controls, so iOS currently prevents deleting this app through ordinary means.""",child,"Explains why the app can't be deleted, scoped explicitly to ""this child account""",yes,yes,none,(no change),KEEP_LEGITIMATE_FAMILY_TERM,UNASSIGNED_PENDING_PPR2_HANDOFF,LEGITIMATE_FAMILY_TERM,NONE — read-only audit; no test written yet
COPY-236,iOS,ios/PCA/Protection/AntiRemovalClaimCopy.swift,lines 61-62,EN+AR,"""This protection only takes effect after a parent or guardian completes Family Controls authorization for this device. It has not been requested yet.""",child,"States authorization hasn't happened yet, scoped to ""this device""",yes,yes,none,(no change),KEEP_LEGITIMATE_FAMILY_TERM,UNASSIGNED_PENDING_PPR2_HANDOFF,LEGITIMATE_FAMILY_TERM,NONE — read-only audit; no test written yet
COPY-237,iOS,ios/PCA/Protection/AntiRemovalClaimCopy.swift,lines 67-68,EN+AR,"""This protection requires an active parent/guardian Family Controls authorization, which is not currently granted for this device.""",child,"States authorization is currently absent, scoped to ""this device""",yes,yes,none,(no change),KEEP_LEGITIMATE_FAMILY_TERM,UNASSIGNED_PENDING_PPR2_HANDOFF,LEGITIMATE_FAMILY_TERM,NONE — read-only audit; no test written yet
COPY-238,iOS,ios/PCA/Protection/AntiRemovalClaimCopy.swift,lines 73-74,EN+AR,"""This protection was active but Family Controls authorization for this device has just changed. If this was not expected, ask your parent or guardian to check Screen Time settings.""",child,"Notifies of a revocation event, scoped to ""this device""",yes,yes,none,(no change),KEEP_LEGITIMATE_FAMILY_TERM,UNASSIGNED_PENDING_PPR2_HANDOFF,LEGITIMATE_FAMILY_TERM,NONE — read-only audit; no test written yet
COPY-239,iOS,ios/PCA/Recovery/RecoverySecretDisclosure.swift,"line 9, RecoverySecretLossDisclosure.body (not yet wired to any SwiftUI view)",EN,"PCA infrastructure never receives or stores this secret. If you lose the Recovery Secret and all active parent devices, family recovery is permanently impossible...",parent (recovery-secret generation flow),Consequence of losing the account-level recovery secret — the whole multi-child enrollment/account,yes,yes — genuinely describes the account/enrollment entity spanning multiple children,none — account-administration term,(no change),KEEP_LEGITIMATE_FAMILY_TERM,UNASSIGNED_PENDING_PPR2_HANDOFF,LEGITIMATE_FAMILY_TERM,NONE — read-only audit; no test written yet
COPY-240,iOS,ios/PCA/Enrollment/ChildEnrollmentCoordinator.swift,"line 536, PCARecoverySecretDisclosureGate.summary (not yet wired to any SwiftUI view)",EN,"If you are the only parent and you lose the Recovery Secret, no one can recover this family. PCA support cannot recover it. You would need to start a new family enrollment...",parent,"Same recovery-secret-loss consequence, account-level",yes,yes — same account-level rationale as above,none,(no change),KEEP_LEGITIMATE_FAMILY_TERM,UNASSIGNED_PENDING_PPR2_HANDOFF,LEGITIMATE_FAMILY_TERM,NONE — read-only audit; no test written yet
COPY-241,Backend,"backend/src/i18n/messages/{en,ar}.ts",web.PARENT_ALLOWLIST (en.ts:18 / ar.ts:12),EN+AR,"EN: ""allowed by your family's allow list"" / AR: ""مسموح به بواسطة قائمة السماح الخاصة بعائلتك""",parent/child (block/allow reason surfaced via WebFilterEngine.decide()),"Explains why a site was allowed, citing the rule owner",yes,"no — the WebReasonId enum this maps to is explicitly PARENT_ALLOWLIST, not family-scoped",over-broadens a parent-set rule to imply unspecified relatives/siblings control the child's browsing,"EN ""allowed by your parent's allow list"" / AR ""مسموح به بواسطة قائمة السماح الخاصة بولي أمرك""",REWRITE_FOR_CLARITY,UNASSIGNED_PENDING_PPR2_HANDOFF,COPY_DEFECT_REMAINING,RECONCILED by coordinator (backend agent said LEGITIMATE_FAMILY_TERM; overridden to match Android agent finding for the verbatim-mirrored WebReasonCodes.kt text — see COPY-2xx Android rows)
COPY-242,Backend,"backend/src/i18n/messages/{en,ar}.ts",web.PARENT_DENYLIST (en.ts:19 / ar.ts:13),EN+AR,"EN: ""blocked by your family's block list"" / AR: ""محظور بواسطة قائمة الحظر الخاصة بعائلتك""",parent/child,"Same as PARENT_ALLOWLIST row, deny-list",yes,no,same as PARENT_ALLOWLIST row,"EN ""blocked by your parent's block list"" / AR ""محظور بواسطة قائمة الحظر الخاصة بولي أمرك""",REWRITE_FOR_CLARITY,UNASSIGNED_PENDING_PPR2_HANDOFF,COPY_DEFECT_REMAINING,RECONCILED by coordinator — see web.PARENT_ALLOWLIST row
COPY-243,Backend,"backend/src/i18n/messages/{en,ar}.ts",web.CATEGORY_RULE (en.ts:20 / ar.ts:14),EN+AR,"EN: ""blocked by your family's content category rule"" / AR: ""محظور بواسطة قاعدة تصنيف المحتوى الخاصة بعائلتك""",parent/child,Content-category block reason,yes,no,same as PARENT_ALLOWLIST row,"EN ""blocked by your parent's content category rule"" / AR ""محظور بواسطة قاعدة تصنيف المحتوى الخاصة بولي أمرك""",REWRITE_FOR_CLARITY,UNASSIGNED_PENDING_PPR2_HANDOFF,COPY_DEFECT_REMAINING,RECONCILED by coordinator — see web.PARENT_ALLOWLIST row
COPY-244,Backend,"backend/src/i18n/messages/{en,ar}.ts",web.SCHEDULE_RULE (en.ts:21 / ar.ts:15),EN+AR,"EN: ""blocked by your family's schedule rule"" / AR: ""محظور بواسطة قاعدة الجدول الزمني الخاصة بعائلتك""",parent/child,Schedule-window block reason,yes,no,same as PARENT_ALLOWLIST row,"EN ""blocked by your parent's schedule rule"" / AR ""محظور بواسطة قاعدة الجدول الزمني الخاصة بولي أمرك""",REWRITE_FOR_CLARITY,UNASSIGNED_PENDING_PPR2_HANDOFF,COPY_DEFECT_REMAINING,RECONCILED by coordinator — see web.PARENT_ALLOWLIST row
COPY-245,Backend,"backend/src/i18n/messages/{en,ar}.ts",web.CLASSIFIER (en.ts:22 / ar.ts:16),EN+AR,"EN: ""blocked by your family's explicit-content rule"" / AR: ""محظور بواسطة قاعدة المحتوى الصريح الخاصة بعائلتك""",parent/child,Explicit-content classifier block reason,yes,no,same as PARENT_ALLOWLIST row,"EN ""blocked by your parent's explicit-content rule"" / AR ""محظور بواسطة قاعدة المحتوى الصريح الخاصة بولي أمرك""",REWRITE_FOR_CLARITY,UNASSIGNED_PENDING_PPR2_HANDOFF,COPY_DEFECT_REMAINING,RECONCILED by coordinator — see web.PARENT_ALLOWLIST row
COPY-246,Backend,"backend/src/i18n/messages/{en,ar}.ts",ai.CATEGORY_RULE_MATCHED (en.ts:27 / ar.ts:20),EN+AR,"EN: ""blocked under your family's category rule"" / AR: ""محظور بموجب قاعدة التصنيف الخاصة بعائلتك""",parent (AI classifier explanation),"Rule-ownership reason string, same class as web.* rows",yes,no,same as PARENT_ALLOWLIST row,"EN ""blocked under your parent's category rule"" / AR ""محظور بموجب قاعدة التصنيف الخاصة بولي أمرك""",REWRITE_FOR_CLARITY,UNASSIGNED_PENDING_PPR2_HANDOFF,COPY_DEFECT_REMAINING,RECONCILED by coordinator — see web.PARENT_ALLOWLIST row
COPY-247,Backend,"backend/src/i18n/messages/{en,ar}.ts",retention.EXPIRED (en.ts:137 / ar.ts:115),EN+AR,"EN: ""Removed because it reached the end of your family's retention period."" / AR: ""تمت إزالته لبلوغه نهاية فترة الاحتفاظ الخاصة بعائلتك.""",parent (planPurge() reason),"Explains deletion, citing the account-level retention SETTING (one setting governs all children)",yes,"yes — names the account-wide policy setting, not the data content itself",none,(no change),KEEP_LEGITIMATE_FAMILY_TERM,UNASSIGNED_PENDING_PPR2_HANDOFF,LEGITIMATE_FAMILY_TERM,NONE — read-only audit; no test written yet
COPY-248,Backend,"backend/src/i18n/messages/{en,ar}.ts",retention.state.EXPIRY_DUE (en.ts:148 / ar.ts:124),EN+AR,"EN: ""This record has reached the end of your family's retention period and is due for deletion."" / AR: ""بلغ هذا السجل نهاية فترة الاحتفاظ الخاصة بعائلتك وهو مستحق الحذف.""",parent,Same retention-setting framing as EXPIRED row,yes,yes — same reasoning,none,(no change),KEEP_LEGITIMATE_FAMILY_TERM,UNASSIGNED_PENDING_PPR2_HANDOFF,LEGITIMATE_FAMILY_TERM,NONE — read-only audit; no test written yet
COPY-249,Backend,"backend/src/i18n/messages/{en,ar}.ts",retention.state.DELETION_CONFIRMED (en.ts:151 / ar.ts:127),EN+AR,"EN: ""Deletion has been confirmed across your family's devices."" / AR: ""تم تأكيد الحذف على جميع أجهزة عائلتك.""",parent,"""Family's devices"" = the account's enrolled device fleet across potentially multiple children",yes,"yes — accurate device-fleet scope, not a data/privacy claim",none,(no change),KEEP_LEGITIMATE_FAMILY_TERM,UNASSIGNED_PENDING_PPR2_HANDOFF,LEGITIMATE_FAMILY_TERM,NONE — read-only audit; no test written yet
COPY-250,Backend,"backend/src/i18n/messages/{en,ar}.ts",DOMAIN_BLOCKED_NOTICE (en.ts:164 / ar.ts:139),EN+AR,"EN: ""{domain} was blocked under your family's rule"" / AR: ""تم حظر {domain} بموجب قاعدة عائلتك""",parent/child (designed as block-page notice; not currently wired to any production caller — demo/placeholder entry per en.ts's own comment),"Rule-ownership notice, same class as web.* rows",yes,no — same reasoning as web.* rows,"same as PARENT_ALLOWLIST row; currently dormant so lower priority, but must not ship with this wording once wired","EN ""{domain} was blocked under your parent's rule"" / AR ""تم حظر {domain} بموجب قاعدة والدك""",REWRITE_FOR_CLARITY,UNASSIGNED_PENDING_PPR2_HANDOFF,COPY_DEFECT_REMAINING,RECONCILED by coordinator — see web.PARENT_ALLOWLIST row. Currently unwired/dormant.
COPY-251,Backend,backend/src/i18n/messages/en.ts,export.COMPLETED (line 142),EN,Your family data export completed successfully.,"parent (exportOutcomeMessage(), export request completion)","Confirms a data export finished, naming the exported data as ""family data""",yes,"no — the app only monitors/exports children's activity data, never the parent's own or other adults' data","privacy_fear_overreach / scope_misrepresentation — overstates scope, reads as a household-wide surveillance dump",Your children's data export completed successfully.,REPLACE_WITH_CHILD_TERM,UNASSIGNED_PENDING_PPR2_HANDOFF,COPY_DEFECT_REMAINING,NONE — read-only audit; no test written yet
COPY-252,Backend,backend/src/i18n/messages/ar.ts,export.COMPLETED (line 119),AR,اكتمل تصدير بيانات عائلتك بنجاح.,parent,"Same defect, faithfully translated from the flawed English source",yes,no — same reasoning as EN row,privacy_fear_overreach / scope_misrepresentation,اكتمل تصدير بيانات أطفالك بنجاح.,REPLACE_WITH_CHILD_TERM,UNASSIGNED_PENDING_PPR2_HANDOFF,COPY_DEFECT_REMAINING,NONE — read-only audit; no test written yet
