ITEM_ID,REQUIREMENT_ID,PHASE,DOMAIN,PLATFORM,ROUTE_OR_COMPONENT,SOURCE_PATHS,CURRENT_STATUS,WHY_NOT_STARTED,REPO_SOLVABLE,EXTERNAL_GATE,OWNER_DECISION,SECURITY_DEPENDENCY,DEPENDENCIES,TARGET_STATE,WRITER,STATUS,COMMITS,TEST_EVIDENCE,RUNTIME_EVIDENCE,FINAL_CLASSIFICATION
N1,PCA-SYNC-STATUS,wave1,runtime-sync,backend+parent-web,Dashboard.tsx;ChildOverview.tsx;ScreenTimePage.tsx;useReconnectSync,backend/src/http/routes/parentRuntimeSyncRoutes.ts;backend/src/runtime-sync/StatusService.ts;parent-web/src/api/real/realParentRuntimeSyncClient.ts,WAS_NOT_STARTED,"UnavailableParentRuntimeSyncClient rejected all calls in production; backend served zero /api/sync/* or parent-authenticated route, only device-authenticated /v1/runtime-sync/status. Server-side status computation (DeviceSyncStatusTracker, DeviceProtectionStatusRepository) already existed with no route exposing it to a parent session. Independently found by 3 separate auditors (backend/architecture/frontend).",YES,NO,NO,NO,"None -- no ciphertext involved, connection/last-sync/pending-count metadata only",IMPLEMENT_NOW,writer-notstarted-1,COMPLETE,ea0a7dc (cherry-picked from f662952),"backend: new route test 12/12 pass; runtime-sync regression 46/46 + 28/28 pass; full backend suite re-run post-integration 1855/1855 pass. parent-web: tsc clean, targeted vitest 47/47 pass.",none -- not real-browser verified this wave; unit/integration level only,IMPLEMENT_NOW -- COMPLETE (published ea0a7dc)
N2,PCA-ALERT-DEST,wave1,alerts,backend+parent-web,Dashboard.tsx;ProtectionStatus.tsx;ProtectionAlertPanel.tsx,backend/src/http/routes/protectionAlertRoutes.ts;parent-web/src/api/real/realProtectionAlertDeliveryClient.ts,WAS_NOT_STARTED,"Dashboard's importantAlertCount was a dead-end number with no link; ProtectionStatus.tsx hardcoded alerts=[] instead of fetching. Backend's ProtectionAlertLedger (listForFamily/listForParentDevice) was already real and populated by ProtectionAlertProducer on real triggers, but no HTTP route ever exposed it -- a pure wiring gap mirroring the already-real audit-trail feature (familyAuditEventRoutes.ts) exactly.",YES,NO,NO,NO,"Alert CONTENT decryption stays gated on the same crypto-suite review as Recovery (item E in the partial/intentional register) -- this item only delivers the opaque envelope, same honest PENDING_TRUSTED_DECRYPTION state as the audit-trail feature",IMPLEMENT_NOW,writer-notstarted-2,COMPLETE,507a781 (cherry-picked from aead65c),"backend: new route test 7/7 pass; FULL backend suite run 1843/1843 pass (pre-integration) + re-verified 1855/1855 post-integration. parent-web: tsc clean, eslint clean, 9 touched/added test files 111/111 pass.",none -- not real-browser verified this wave; unit/integration level only,IMPLEMENT_NOW -- COMPLETE (published 507a781)
N3,PCA-TRUSTED-BROWSER-PAIR,wave1,recovery/device,parent-web,DeviceEnrollmentPanel.tsx,parent-web/src/api/real/realTrustedBrowserProvider.ts,WAS_NOT_STARTED,"RealTrustedBrowserProvider.requestPairing() fabricated a random UUID as browserEndpointId and never called the backend -- actorDeviceSessionToken stayed null forever. All 3 backend legs (POST /v1/families/:familyId/browser-endpoints, device challenge/session exchange, parent confirm) already existed, real, wired, and non-crypto-gated (confirmed: pairing confirmation 'never creates Family Trust Set authority' per the route's own comment). Reaching PAIRED needed no crypto decision at all -- only frontend wiring was missing.",YES,NO,NO,NO,Reaching the SEPARATE TRUSTED state (real Family Trust Set / signed epoch / decrypt capability) remains correctly CRYPTO_ACTIVATION-gated and was NOT touched by this item -- do not conflate PAIRED with TRUSTED,IMPLEMENT_NOW,writer-notstarted-3,COMPLETE,690303d,"11/11 pass (realTrustedBrowserProvider.test.ts, rewritten with mocked fetch covering real-deviceId/real-pubkey/CSRF/session-token/fail-closed-null-on-session-failure); tsc clean.",none -- not real-browser verified this wave; unit level only,IMPLEMENT_NOW -- COMPLETE (published 690303d)
N4,PCA-MEMBER-REMOVE-CONFIRM,wave1,ux,parent-web,Members.tsx,parent-web/src/pages/family/Members.tsx,WAS_NOT_STARTED,"The Remove-member button had zero confirmation despite calling the now-functional (register item I, dddf4bc), seat-freeing, irreversible-without-a-new-invite removeMember backend call. Left over from item I's completion -- a UX-safety gap on a newly-real destructive action, not one of the 28 already-adjudicated owner-blocked-UX rows.",YES,NO,NO,NO,None,IMPLEMENT_NOW,writer-notstarted-3,COMPLETE,690303d,"8/8 pass (Members.test.tsx, covers cancel-blocks-removal and confirm-proceeds-through-step-up); tsc clean.",none -- not real-browser verified this wave; unit level only,IMPLEMENT_NOW -- COMPLETE (published 690303d)
N5,PCA-WEB-RULE-MUTATION,wave2,web-filter,backend+parent-web,pages -- web rule admin surface,parent-web/src/api/real/realWebRuleAdminClient.ts,PARTIAL,"setRule/removeRule throw 'mutation path not implemented yet even post-crypto-approval' -- the class's own comment admits this is a gap layered ON TOP of the crypto gate, not merely blocked by it (unlike listRules, which is honestly crypto-gated only). No payload-construction/serialization logic exists at all, unlike item G (schedule-policy fields) which did exactly this kind of mechanical mapping work while correctly leaving final encrypted delivery gated.",YES,NO,NO,NO,"Final encrypted delivery to device stays gated on the same production-crypto-suite review as items E/G/D -- this item only needs to build the WEB_RULE mutation shape/serialization so delivery is the ONLY remaining gated step, mirroring item G's precedent exactly","IMPLEMENT_NOW (mapping/serialization only); HUMAN_SECURITY_REVIEW_REQUIRED (delivery -- shared gate, do not attempt to unblock independently)",unassigned,PENDING,,,,"IMPLEMENT_NOW (mapping only, mirrors item G) / HUMAN_SECURITY_REVIEW_REQUIRED (delivery, unchanged)"
N6,PCA-BILLING-RENEWAL-REMINDER,wave2,billing,backend,billing lifecycle notifications,backend/src/commercialnotifications/types.ts;backend/src/commercialmaintenance/CommercialMaintenanceRunner.ts,WAS_NOT_STARTED,"CommercialNotificationEventType has no RENEWAL_UPCOMING/reminder type (only QUOTE_READY/PAYMENT_CONFIRMED/ENTITLEMENT_INCREASED/PAYMENT_FAILED/REQUEST_DENIED/QUOTE_EXPIRED). CommercialMaintenanceRunner only sweeps quote expiry, not upcoming subscription renewal, even though the underlying data (current_period_end) already exists. Distinct from register item A (auto-renew flag/cancel, c4eb2bf) -- that made the flag real, this notifies ahead of a renewal.",YES,NO,NO,NO,"None -- provider-neutral internal notification only, no real payment-provider credential needed. Actual delivery channel (email/SMS) is the same already-external-gated Platform Admin alert-provider boundary as other notifications.",IMPLEMENT_NOW,unassigned,PENDING,,,,IMPLEMENT_NOW
N7,PCA-NFR-044,wave2,accessibility,android,AdminSecurityActivity PIN-entry surface,android/app/src/main/java/org/pca/app/security/ui/AdminSecurityActivity.kt,PARTIAL,"Matrix's own note: this PIN-entry surface has not yet been given the AgeUxTier SIMPLE/CLEAR reading-level copy treatment that 5 sibling surfaces already have. Self-flagged as a residual gap in docs/implementation/PCA_COMPLETION_V2_MATRIX.json, not a fresh miss.",YES,NO,NO,NO,None,IMPLEMENT_NOW,unassigned,PENDING,,,,IMPLEMENT_NOW
N8,PCA-IOS-ASK-PARENT,architecture,child-request,ios,ShieldActionExtension secondary button,ios/PCAShieldAction/ShieldActionExtension.swift,WAS_NOT_STARTED,"secondaryButtonPressed returns .defer with a comment marking a future 'ask parent' flow as additive. iOS has NO analog anywhere of Android's ChildRequestOfflineQueue/PcaRuntime.createChildRequest -- no outbound child-initiated sync-submission path exists on iOS at all. The button itself is trivial to change, but there is no existing pattern/mechanism to wire it into -- same shape as the already-known AI-classifier gap (a real consumption slot, no producer).","PARTIAL -- the UI hook is trivial, the underlying submission mechanism is not",NO,"YES -- what should an iOS child-initiated request actually submit, and via what transport (App-Group-backed local queue mirroring Android's, vs. something iOS-specific)?",NO,"Depends on the same production-crypto-suite question as any other cross-device submission if it needs authenticated delivery back to a parent, though a local-queue-only v1 (mirroring Android's PENDING_SYNC_LOCAL pattern) may not.",NEW_FEATURE_ARCHITECTURE_REQUIRED,n/a,NOT_STARTED,,,,"NEW_FEATURE_ARCHITECTURE_REQUIRED -- exact requirement: iOS Shield secondary-action needs a real child-request creation+submission contract. Missing decision: request/submission shape and transport. Current architecture has no iOS-side analog to extend. Source inspected: ShieldActionExtension.swift, all iOS Sync/ChildRequest-related files (none found). Decision needed: product/security architect must define the iOS child-request contract before this can be built."
N9,PCA-AI-001,architecture,ai-classifier,backend+android+ios,WebFilterEngine.kt ClassifierResult slot;ClassifierRuntimeBoundary.swift,ai/LifecycleGatedClassifier.ts;ai/policy.ts;ios/PCA/AI/ClassifierRuntimeBoundary.swift,PARTIAL,"Carried forward per owner instruction from the partial/intentional register (item F) -- NOT re-adjudicated here, NOT attempted as mechanical completion. iOS ClassifierRuntimeBoundary.swift remains orphaned (no consuming feature -- Safari extension or camera pipeline -- exists yet); Android's WebFilterEngine.kt has a ClassifierResult consumption slot but no LiteRT placement-boundary type. Re-confirmed unchanged via grep this pass (2026-09-02).",NO -- both platforms require net-new feature architecture with no existing pattern to mechanically extend,NO,YES -- iOS: build a Safari content-blocker/web-extension target or a live camera pipeline (which?); Android: define and build the LiteRT placement-boundary type,YES -- model-signature verification (ModelPackageVerifier.ts) shares the same PCA-DEC-020 crypto gate as Recovery,"A real trained model artifact is COMMERCIAL_PROVIDER_REQUIRED regardless of source completeness, separate from this item",NEW_FEATURE_ARCHITECTURE_REQUIRED (classifier wiring) / HUMAN_SECURITY_REVIEW_REQUIRED (signature verification -- shared gate with Recovery),n/a,NOT_REOPENED,,,,NEW_FEATURE_ARCHITECTURE_REQUIRED (classifier wiring) / HUMAN_SECURITY_REVIEW_REQUIRED (signature verification) -- unchanged from partial/intentional register item F
N10,PCA-DEC-020;PCA-DEC-021,architecture,recovery,backend,RecoveryKdf.ts;RecoveryEnvelopeCipher.ts;TrustSetSignatureVerifier,backend/src/recovery/,PARTIAL,"Carried forward, NOT reopened. RecoveryEnvelopeCipher.ts's own doc comment: no concrete AEAD/KEM construction selected or implemented; backend/package.json has no cryptography dependency at all. docs/security/production-crypto-review/ explicitly frames the candidate construction as pending specialist approval, not a finished decision. Re-confirmed unchanged this pass.",NO,YES,NO,YES,"Every other gated item in this register (N9, plus the partial/intentional register's D/E/G/H-adjacent items) ultimately traces back to this single decision (PRODUCTION_CRYPTO_SUITE / PCA-DEC-020)",EXTERNAL_SECURITY_REVIEW,n/a,NOT_REOPENED,,,,EXTERNAL_SECURITY_REVIEW -- unchanged from partial/intentional register item E. Do not reopen merely to close this register.
N11,wellbeing-messages,architecture,wellbeing,backend+parent-web+android,WellbeingAdmin.tsx;CustomMessageForm.tsx,parent-web/src/api/real/unavailableProviders.ts,PARTIAL,"Carried forward, NOT reopened. docs/architecture/36_PARENT_WELLBEING_MESSAGE_CONTROL.md (PCA-WELLCTRL-001/002/003) is unambiguous: parent-authored message text is family plaintext and MUST NOT require a readable central store at any point. The correct real implementation is an entirely client-side encrypted-envelope package, blocked on the same crypto boundary as N10. UnavailableWellbeingMessageAdminClient is the architecturally CORRECT current state, not an oversight.","NO -- a compliant implementation is architecturally required to be client-side-encrypted, and that boundary is not yet available",YES,"NO -- this is an architecture-mandated boundary, not an owner decision",YES -- shared gate with N10,Same production-crypto-suite gate as N10,EXTERNAL_SECURITY_REVIEW,n/a,NOT_REOPENED,,,,EXTERNAL_SECURITY_REVIEW -- unchanged from partial/intentional register item D. Do not build a prohibited central-backend design merely to close this register.
N12,PCA-DEC-002;PCA-DEC-014;PCA-DEC-015,architecture,device-provisioning,android,Device Owner provisioning,android/app/src/main/java/org/pca/app/platform/ProtectedModeProvisioningGate.kt,BY_DESIGN_PENDING_DECISION,"UnresolvedProtectedModeProvisioningGate.feasibility() correctly returns PENDING_OWNER_DECISION -- the surrounding capability-detection/degradation-monitoring source is real and complete (DevicePolicyCapabilitySource, DevicePolicyDegradationMonitor). WHAT'S MISSING is not code: which provisioning path is authorized (QR PROVISION_MANAGED_DEVICE vs. ADB dpm set-device-owner pilot-only) is an explicit unresolved owner decision. Building a QR flow now would embed an unauthorized assumption.",NO,NO,YES -- which provisioning mechanism (QR vs ADB) is authorized for production,NO,Actual device enrollment is separately REAL_DEVICE_REQUIRED once the mechanism is chosen,NEW_FEATURE_ARCHITECTURE_REQUIRED (decision) then REAL_DEVICE_REQUIRED,n/a,NOT_STARTED,,,,"NEW_FEATURE_ARCHITECTURE_REQUIRED -- exact requirement: PCA-FR-082/145 device enrollment. Missing decision: QR vs ADB provisioning path. Current architecture deliberately does not choose one. Source inspected: ProtectedModeProvisioningGate.kt and siblings, all correct/complete pending the decision. Decision needed: owner/product must select the authorized provisioning mechanism."
N13,PCA-DEC-017,architecture,shield-ui,ios,ShieldConfigurationExtension,ios/PCAShieldConfiguration/ShieldConfigurationExtension.swift,BY_DESIGN,"Always returns default ShieldConfiguration(). Explicitly cited in-source as PCA-DEC-017: '(b) Default Apple shield at launch, custom shield as fast-follow' -- an already-made owner decision to ship the default first, not an oversight or unresolved question.","N/A -- already decided, deliberately deferred past v1",NO,NO (already decided),NO,None,NOT_APPLICABLE_V1,n/a,NOT_REOPENED,,,,"NOT_APPLICABLE_V1 -- deliberately deferred past v1 per PCA-DEC-017, not a gap"
N14,YouTube-ModeB,architecture,app-usage,backend+android+ios,ModeBFeatureFlagService;ModeTransitionService;YouTubeVisibilityMode.swift,backend/src/youtube/,BY_DESIGN,"Backend Mode-B domain logic (flag/transition/playback-event services) is fully unit-tested but has zero HTTP route or main.ts wiring; Android's ModeBFeatureFlagLocalStore mirrors this correctly (read-only, no mutator, defaults OFF); iOS's YouTubeVisibilityMode models .unavailable correctly. docs/architecture/15_APP_USAGE_YOUTUBE_VISIBILITY.md explicitly marks Mode B as requiring further owner decision AND YouTube ToS/API-partnership verification before release -- correctly scaffolded and deliberately not connected, not an oversight.",NO -- connecting it without the legal/partnership decision would be premature,NO,YES -- proceed with YouTube API partnership/ToS verification,NO,Legal/API partnership is external regardless of source completeness,COMMERCIAL_PROVIDER_REQUIRED,n/a,NOT_REOPENED,,,,"COMMERCIAL_PROVIDER_REQUIRED -- safe scaffolding already complete on all 3 platforms, do not wire further without the partnership decision"
N15,observability,verification,platform-admin,backend,dashboard read-model + authz-boundary,backend/src/http/buildServer.ts (health endpoints),VERIFIED_ALREADY_ACCEPTED,"PCA-ADD-PA-041 is already SOURCE_COMPLETE_EXTERNAL_GATE in docs/implementation/PCA_COMPLETION_V2_MATRIX.json -- in-repo dashboard read-model + authz-boundary tests already validated, only the deployed monitoring pipeline is external. A separate backend-focused auditor's raw grep flagged 'no /metrics endpoint' as a textual gap, but per this register's own instruction not to reopen items the requirements matrix (the primary source of truth) has already accepted as complete-with-external-gate, this is NOT reclassified as a fresh NOT_STARTED item -- noted for owner visibility only, not actioned.","N/A -- already-accepted scope boundary, not re-adjudicated as a gap",NO,NO,NO,Deployed monitoring/metrics pipeline is PRODUCTION_INFRA_REQUIRED regardless,PRODUCTION_INFRA_REQUIRED,n/a,NOT_REOPENED,,,,"PRODUCTION_INFRA_REQUIRED -- unchanged, matrix-accepted; a discretionary /metrics endpoint was considered and deliberately not built this pass to avoid scope-creep beyond the matrix's own acceptance"
N16,billing+free-access+family-capacity,verification,billing/entitlements,backend+parent-web+platform-admin-web,PCA-ADD-BILL-*;PCA-ADD-IDENT-019/020/021;PCA-ADD-COMP-*,docs/implementation/PCA_COMPLETION_V2_MATRIX.json,VERIFIED_CLOSED,"Independently re-checked against current source by the requirements/architecture auditor: all rows now SOURCE_COMPLETE. Register items A (auto-renew, c4eb2bf), C (billing plans list, adac52f), and I (member capacity, dddf4bc) already closed this programme; free-access enforcement (IDENT-021) independently confirmed wired at all real call sites (main.ts:340,356,365). No further gap found.",N/A -- verification only,NO,NO,NO,None,No implementation needed -- already complete,n/a,VERIFIED_CLOSED,,,,"NOT_APPLICABLE_V1 -- verified already source-complete, no action taken"
